Country Name,1990,1991,1992,1993,1994,1995,1996,1997,1998,1999,2000,2001,2002,2003,2004,2005,2006,2007,2008,2009,2010,2011,2012,2013,2014,2015,2016,2017,2018,2019
Aruba,,,,,,,,,,,,,,,,,,,,,,,,,,,,,,
Africa Eastern and Southern,807000,811069.9977,816600.0032,828610.0113,849479.9894,875579.9879,892349.9822,917560.0169,956139.9927,942640.0024,945980.0057,985429.9913,1031909.987,1072749.997,1115909.987,1142860.015,1143609.999,1207469.999,1266980.02,1250180.005,1306100.011,1308610.027,1318919.992,1342549.967,1370949.982,1369670.005,1385480.007,1401180.02,1407690.028,1427180.001
Afghanistan,11970,12199.99981,11420.00008,11500,11539.99996,11970.00027,13000,13970.00027,14789.99996,15670.00008,13890.00034,12250,14890.00034,15529.99973,15310.00042,16229.99954,16739.99977,17139.99939,20540.00092,22629.99916,27120.00084,29409.99985,28799.99924,27020.00046,26760.00023,27090.00015,26889.99939,26530.00069,27690.00053,28639.99939
Africa Western and Central,398320,434809.9994,456619.9949,457090.0028,513829.9932,523890.0052,551809.9885,552220.0063,549469.9957,545489.9974,569409.9903,572110.0108,561879.9947,594750.0043,600379.9961,623369.9982,617159.9986,610349.996,623910.0059,614409.9992,657490.0039,678150.0059,691350.018,718839.999,738380.0041,748349.9951,781940.016,790770.0081,812779.999,833840.0007
Angola,43150,43580.00183,44290.00092,47270.00046,50159.99985,53319.99969,54669.99817,55459.99908,59689.99863,58639.99939,57639.99939,57750,60209.99908,65720.00122,67430.00031,66959.99908,65860.00061,70199.99695,72680.00031,73800.00305,77730.00336,79150.00153,77400.00153,81089.99634,82389.99939,87360.00061,85910.00366,81010.00214,75239.99786,79680.00031
Albania,11100,8760.000229,6750,6719.99979,7539.999962,7369.999886,7090.000153,6349.999905,6599.999905,7820.000172,8140.000343,8109.999657,8750,9090.000153,9159.999847,8949.999809,8850.000381,8859.999657,8600.000381,8640.000343,8899.999619,9329.999924,8880.000114,8930.000305,9359.999657,9220.000267,9090.000153,9659.999847,9449.999809,9010.000229
Andorra,430,430.0000072,430.0000072,439.9999976,439.9999976,460.0000083,490.0000095,509.9999905,540.0000215,569.9999928,589.9999738,589.9999738,600.0000238,610.0000143,639.9999857,660.0000262,639.9999857,639.9999857,639.9999857,620.0000048,629.9999952,600.0000238,600.0000238,589.9999738,569.9999928,579.9999833,589.9999738,589.9999738,620.0000048,629.9999952
Arab World,1115020,1103970.001,1174959.997,1257590.001,1326619.976,1368390.003,1414430.003,1481210.014,1516109.98,1542410.021,1611569.998,1654740.022,1690330,1739150.004,1821170.007,1921029.997,1999759.982,2062060.012,2186110.038,2228829.993,2337490.006,2363640.002,2537139.985,2562239.989,2620259.976,2685770.037,2744510.004,2796759.972,2804929.981,2881820.04
United Arab Emirates,73250,81069.99969,79190.00244,83620.00275,92199.99695,97339.99634,101709.9991,104949.9969,106989.9979,108830.0018,109019.9966,123080.0018,125400.0015,133419.9982,141210.0067,150100.0061,157119.9951,168250,194020.0043,194380.0049,201889.9994,207490.0055,219589.9963,230889.9994,231800.0031,245220.0012,252919.9982,248690.0024,229380.0049,243550.0031
Argentina,247300,251720.0012,256239.9902,256820.0073,260200.0122,262790.0085,271989.9902,276769.989,282380.0049,288709.9915,290820.0073,284140.0146,280480.011,302570.0073,318700.0122,322739.9902,337250,349820.0073,354269.989,333820.0073,339609.9854,350250,355299.9878,364480.011,363149.9939,370000,373329.9866,377209.9915,375100.0061,369049.9878
Armenia,24410,25010.00023,14819.99969,8579.999924,6030.00021,6639.999866,5570.000172,6190.000057,6119.999886,5619.999886,5989.999771,6099.999905,5769.999981,6199.999809,6590.000153,7320.000172,7719.99979,8369.999886,8890.000343,7739.999771,7559.999943,8199.999809,9199.999809,9140.000343,9130.000114,9159.999847,9409.999847,9250,9439.99958,9960.000038
American Samoa,,,,,,,,,,,,,,,,,,,,,,,,,,,,,,
Antigua and Barbuda,350,370.0000048,449.9999881,419.9999869,430.0000072,449.9999881,479.9999893,509.9999905,560.0000024,579.9999833,600.0000238,639.9999857,699.9999881,740.0000095,750,779.9999714,850.0000238,910.0000262,959.9999785,1919.999957,1029.999971,1090.000033,1259.99999,1049.999952,1059.999943,1090.000033,1120.000005,1149.999976,1190.000057,1220.000029
Australia,487000,486989.9902,487649.9939,489809.9976,495779.9988,503549.9878,500980.011,507309.9976,536320.0073,572760.0098,596960.022,624780.0293,619280.0293,539309.9976,597429.9927,560380.0049,603109.9854,606469.9707,578950.0122,593599.9756,566440.0024,668340.0269,667440.0024,580880.0049,597270.0195,596979.9805,574450.0122,623270.0195,617390.0146,585979.9805
Austria,76610,80889.99939,75069.99969,75000,75069.99969,77550.00305,81330.00183,80279.99878,80279.99878,78470.00122,78650.00153,83000,84330.00183,89449.99695,90269.99664,90349.99847,88099.99847,85059.99756,84620.00275,77709.99908,83510.00214,81529.99878,78330.00183,78870.00275,75150.00153,76339.99634,76730.00336,78650.00153,75440.00244,76919.99817
Azerbaijan,75680,73239.99786,82319.99969,61689.99863,42369.99893,41479.99954,35909.99985,35409.99985,35790.00092,36009.99832,37740.00168,37189.99863,37250,39939.99863,40080.00183,42869.99893,44720.00122,43290.00092,47650.00153,43130.00107,42020.00046,44840.00015,48049.99924,49259.99832,50619.99893,50520.00046,50860.00061,50240.00168,51689.99863,54799.99924
Burundi,1800,1870.000005,1860.000014,1840.000033,1740.00001,1799.999952,1799.999952,1850.000024,1879.999995,1929.999948,1990.00001,1960.000038,1950.000048,1940.000057,2000,2059.999943,2200.000048,2279.999971,2400.000095,2549.999952,2880.000114,3119.999886,3200.000048,3599.999905,3589.999914,3619.999886,4000,4619.999886,4869.999886,4559.999943
Belgium,130770,135690.0024,133729.9957,131539.9933,136889.9994,137059.9976,142410.0037,139229.9957,141990.0055,138139.9994,138250,138679.9927,131360.0006,134750,133300.0031,129550.0031,126550.0031,121889.9994,124139.9994,117169.9982,124739.9979,113129.9973,111910.0037,112889.9994,106510.0021,111430.0003,110379.9973,108309.9976,109059.9976,108059.9976
Benin,4180,4289.999962,4369.999886,4420.000076,4679.999828,4480.000019,5829.999924,6300.000191,6530.00021,6539.999962,7030.00021,6500,7530.00021,7500,7590.000153,8619.999886,8909.999847,9649.999619,9399.999619,10029.99973,10479.99954,10550.00019,10529.99973,11159.99985,11699.99981,12119.99989,13819.99969,13970.00027,15090.00015,15020.00046
Burkina Faso,11990,12430.00031,12720.00027,12970.00027,13420.00008,13810.00042,13840.00015,14470.00027,14689.99958,15010.00023,16129.99916,15390.00034,16090.00015,19540.00092,20079.99992,20709.99908,20680.00031,21309.99947,22209.99908,22899.99962,24489.99977,24989.99977,25700.00076,26649.99962,27149.99962,28040.00092,29420.00008,30360.00061,31149.99962,32209.99908
Bangladesh,94240,94449.99695,96599.99847,98050.00305,100669.9982,105830.0018,106379.9973,108650.0015,108690.0024,112940.0024,115459.9991,120440.0024,124199.9969,126099.9985,128190.0024,133110.0006,138889.9994,142169.9982,150850.0061,155000,163179.9927,168960.0067,172839.9963,176779.9988,181850.0061,192179.9927,193960.0067,203080.0018,208000,215940.0024
Bulgaria,98220,81230.00336,75410.00366,73970.00122,70019.99664,71239.99786,71800.00305,68720.00122,65139.99939,58330.00183,57759.99832,60139.99939,57450.00076,62319.99969,61069.99969,61060.00137,61009.99832,65180.00031,62810.00137,55319.99969,56959.99908,62840.00015,57110.00061,51959.99908,54540.00092,57259.99832,54189.99863,56430.00031,53229.99954,51279.99878
Bahrain,15730,15350.00038,17559.99947,18559.99947,19030.00069,19739.99977,21000,22000,23770.00046,24370.00084,25440.00053,26280.00069,27489.99977,28549.99924,28799.99924,32090.00015,34580.00183,35790.00092,38299.99924,38840.00015,40810.00137,41509.99832,43130.00107,45930.00031,48029.99878,48869.99893,49349.99847,50240.00168,51159.99985,54409.99985
"Bahamas, The",2140,2210.000038,2740.00001,2269.999981,2240.00001,2390.000105,2259.99999,2059.999943,2559.999943,2529.999971,2430.000067,2430.000067,2619.999886,2599.999905,2500,2349.999905,2349.999905,2369.999886,2480.000019,6440.000057,2359.999895,2869.999886,3839.999914,3119.999886,2819.999933,2519.999981,2359.999895,2500,3119.999886,3160.000086
Bosnia and Herzegovina,30260,27540.00092,20209.99908,16790.00092,6369.999886,6280.00021,7320.000172,12220.00027,14989.99977,14989.99977,18649.99962,18360.00061,18510.00023,19020.00046,20100.00038,20799.99924,22690.00053,23850.00038,25770.00046,26040.00092,26059.99947,29180.00031,27389.99939,27180.00031,24670.00008,24889.99939,27469.99931,27729.99954,27750,26229.99954
Belarus,137860,132809.9976,119059.9976,106269.9966,93099.99847,84959.99908,85739.99786,86099.99847,84029.99878,81519.99664,78900.00153,77610.00061,77029.99878,78209.99908,82199.99695,83069.99969,86300.00305,85089.99634,89339.99634,86410.00366,91029.99878,88099.99847,89629.99725,90110.00061,89290.00092,84739.99786,83889.99939,85379.99725,88209.99908,86830.00183
Belize,6540,6760.000229,6980.000019,7039.999962,7150.000095,6059.999943,4889.999866,3940.000057,2880.000114,1789.999962,750,860.0000143,939.9999976,1009.99999,819.9999928,879.9999952,970.0000286,1070.000052,1080.000043,2130.000114,1269.999981,1429.999948,1399.999976,1289.999962,1279.999971,1480.000019,1490.00001,1490.00001,1480.000019,1549.999952
Bermuda,,,,,,,,,,,,,,,,,,,,,,,,,,,,,,
Bolivia,31220,32360.00061,33159.99985,31850.00038,31079.99992,29670.00008,29329.99992,31340.00015,31319.99969,31760.00023,31739.99977,31649.99962,34340.00015,35099.99847,38119.99893,40500,41479.99954,42889.99939,44360.00061,45169.99817,50520.00046,50830.00183,52619.99893,54950.00076,56200.00076,57540.00092,59790.00092,60180.00031,60250,60790.00092
Brazil,590340,611489.9902,621450.0122,632780.0293,649590.0269,676200.0122,679289.978,708070.0073,732049.9878,748830.0171,767750,792380.0049,820650.0244,835739.9902,880979.9805,891000,890570.0073,914650.0244,929710.022,905869.9951,991489.9902,1010710.022,1049939.941,1080709.961,1118099.976,1095300.049,1063569.946,1079310.059,1046579.956,1057260.01
Barbados,3110,3140.000105,3380.000114,3230.000019,3299.999952,3359.999895,3369.999886,3480.000019,3589.999914,3640.000105,3589.999914,3660.000086,3710.000038,3720.000029,3710.000038,3759.99999,3809.999943,3839.999914,4150.000095,7000,3950.000048,4170.000076,4550.000191,3890.000105,3730.000019,3740.00001,3779.999971,3690.000057,3759.99999,3789.999962
Brunei Darussalam,4670,4889.999866,5170.000076,5590.000153,5889.999866,6269.999981,6469.99979,6900.000095,6130.000114,6210.000038,6610.000134,6550.000191,6559.999943,7579.999924,7179.999828,7019.999981,9770.000458,9289.999962,10149.99962,9920.000076,9239.999771,9479.999542,9449.999809,9239.999771,9130.000114,8390.000343,9029.999733,9500,9810.00042,9300.000191
Bhutan,760,810.0000024,769.9999809,769.9999809,779.9999714,870.0000048,879.9999952,879.9999952,879.9999952,910.0000262,879.9999952,850.0000238,860.0000143,879.9999952,920.0000167,1029.999971,1019.999981,1029.999971,920.0000167,990.0000095,1070.000052,1259.99999,1309.999943,1340.000033,1340.000033,1389.999986,1559.999943,1610.000014,1679.999948,1679.999948
Botswana,13040,12449.99981,12689.99958,12350.00038,12579.99992,13479.99954,14619.99989,14210.00004,13850.00038,13890.00034,13699.99981,15579.99992,15920.00008,8789.999962,9380.000114,10789.99996,12609.99966,10859.99966,19590.00015,10510.00023,20950.00076,25809.99947,13100.00038,14050.00019,12770.00046,12189.99958,11100.00038,14890.00034,12680.00031,11000
Central African Republic,16870,17180.00031,17229.99954,17270.00046,19770.00046,19899.99962,21909.99985,22090.00015,24129.99916,21799.99924,24760.00023,20940.00053,18690.00053,23799.99924,21190.00053,22229.99954,22370.00084,22739.99977,23879.99916,19340.00015,21500,22799.99924,19920.00008,21100.00038,20649.99962,21010.00023,22860.00061,21350.00038,21909.99985,19729.99954
Canada,540380,536289.978,550630.0049,546630.0049,564719.9707,579710.022,597669.9829,611929.9927,620150.0244,625309.9976,644890.0146,636840.0269,657760.0098,679150.0244,676030.0293,690539.978,679219.9707,712789.978,688190.0024,653140.0146,669979.9805,686500,686650.0244,698679.9927,706320.0073,704479.9805,704750,721010.0098,737989.9902,736929.9927
Central Europe and the Baltics,1236190,1138730.001,1060740.004,1028909.985,999659.9998,1002150.019,1026529.989,997999.9905,941650.0044,894260.0117,885220.0089,895640.0061,877040.0124,909109.9777,910360.0054,909890.0032,928109.9863,937249.9943,917980.01,850510.0031,876359.9987,875500.0248,847470.0108,819539.9952,798350.0118,810819.9844,821890.0127,844859.9854,836729.9833,803120.0085
Switzerland,52780,55000,54930.00031,52569.99969,51700.00076,52630.00107,53250,51790.00092,53349.99847,53479.99954,52729.99954,54340.00015,52709.99908,53950.00076,54450.00076,55169.99817,54889.99939,52959.99908,54590.00015,53139.99939,54720.00122,50599.99847,51909.99985,52930.00031,49119.99893,48349.99847,48849.99847,47880.00107,46610.00061,46500
Channel Islands,,,,,,,,,,,,,,,,,,,,,,,,,,,,,,
Chile,45260,44220.00122,45720.00122,48270.00046,52270.00046,56169.99817,62720.00122,69819.99969,70919.99817,73779.99878,69919.99817,67800.00305,68410.00366,69160.00366,74540.00092,75129.99725,76419.99817,84150.00153,88879.99725,86489.99786,91660.00366,98099.99847,100540.0009,103819.9997,96449.99695,102129.9973,106589.9963,107510.0021,107690.0024,113019.9966
China,3240290,3387709.961,3516610.107,3746360.107,3905929.932,4309240.234,4330229.98,4325689.941,4443770.02,4376500,4568810.059,4761560.059,5068779.785,5718040.039,6503950.195,7266529.785,7946140.137,8555799.805,8810969.727,9386580.078,10218509.77,11098190.43,11385459.96,11878030.27,11938030.27,11818469.73,11800830.08,12035269.53,12471089.84,12705089.84
Cote d'Ivoire,9300,12020.00046,14640.00034,17329.99992,20159.99985,20860.00061,21649.99962,23159.99985,23530.00069,25719.99931,25870.00084,25629.99916,26040.00092,23329.99992,21709.99908,22979.99954,21909.99985,21280.00069,20959.99908,19530.00069,19209.99908,18879.99916,20489.99977,21979.99954,21879.99916,22649.99962,23969.99931,24350.00038,24090.00015,24860.00061
Cameroon,19520,27649.99962,27440.00053,25139.99939,78459.99908,78480.00336,79220.00122,79860.00061,81370.00275,81389.99939,83519.99664,82540.00092,82309.99756,83819.99969,82139.99939,83540.00092,82389.99939,83129.99725,83040.00092,83319.99969,83650.00153,83349.99847,83790.00092,85419.99817,86550.00305,87949.99695,89080.00183,88959.99908,89919.99817,90120.00275
"Congo, Dem. Rep.",38110,36729.99954,36880.00107,38380.00107,39860.00061,39919.99817,35500,35490.00168,36509.99832,34619.99893,34009.99832,36110.00061,41520.00046,45000,46860.00061,46990.00168,47970.00122,45580.00183,47619.99893,47669.99817,49220.00122,48639.99939,47369.99893,50860.00061,52790.00092,52540.00092,52450.00076,55500,53900.00153,55000
"Congo, Rep.",9660,9649.999619,9829.999924,9279.999733,8239.999771,9159.999847,9189.99958,9789.999962,11250,11680.00031,12050.00019,11770.00046,9550.000191,10939.99958,11680.00031,13760.00023,15180.00031,13090.00015,13529.99973,14510.00023,16239.99977,16079.99992,15460.00004,15149.99962,14560.00042,15250,14970.00027,15420.00008,18020.00046,19200.00076
Colombia,123410,124819.9997,127940.0024,132800.0031,135309.9976,139330.0018,139520.0043,145169.9982,147130.0049,135839.9963,139619.9951,141919.9982,140050.0031,141600.0061,142880.0049,145270.0043,146380.0049,151339.9963,152470.0012,156179.9927,161139.9994,165080.0018,163949.9969,170899.9939,174360.0006,175229.9957,178210.0067,173309.9976,181520.0043,187339.9963
Comoros,260,259.9999905,270.0000107,270.0000107,280.0000012,280.0000012,289.9999917,300.0000119,310.0000024,319.9999928,300.0000119,319.9999928,330.0000131,349.999994,360.0000143,360.0000143,400.000006,319.9999928,349.999994,379.9999952,419.9999869,419.9999869,439.9999976,469.9999988,460.0000083,479.9999893,519.9999809,589.9999738,620.0000048,639.9999857
Cabo Verde,230,239.9999946,270.0000107,280.0000012,259.9999905,300.0000119,280.0000012,289.9999917,319.9999928,349.999994,370.0000048,409.9999964,439.9999976,469.9999988,509.9999905,610.0000143,680.0000072,629.9999952,649.9999762,699.9999881,740.0000095,730.0000191,689.9999976,670.0000167,670.0000167,680.0000072,720.0000286,750,769.9999809,810.0000024
Costa Rica,8520,8810.00042,9949.999809,10039.99996,10449.99981,10039.99996,10029.99973,10060.00042,10760.00023,10579.99992,10439.99958,10750,10779.99973,11130.00011,11159.99985,11699.99981,12029.99973,13399.99962,13579.99992,13140.00034,13250,13960.00004,13909.99985,14409.99985,14460.00004,14319.99969,15229.99954,15479.99954,15760.00023,15750
Caribbean small states,49970,50830.00085,52990.0009,48510.00012,45760.0003,45289.99983,45480.00062,45259.99939,45759.99939,45509.99981,44139.99984,46400.0003,48020.0001,52779.99951,53740.00058,55600.00008,60419.99914,61589.9992,59730.00002,68940.00041,60280.00045,62819.99882,64570.00118,63690.00046,63699.99811,62869.99881,60030.00009,59629.99977,61650.00014,62360.00042
Cuba,54790,45599.99847,39439.99863,36000,37439.99863,38590.00015,41270.00046,43500,43020.00046,43540.00092,43930.00031,43060.00137,41900.00153,41069.99969,40409.99985,40439.99863,41490.00168,42569.99969,41939.99863,42669.99817,43729.99954,43770.00046,44830.00183,45180.00031,43209.99908,45169.99817,43139.99939,41790.00092,42279.99878,41240.00168
Curacao,,,,,,,,,,,,,,,,,,,,,,,,,,,,,,
Cayman Islands,,,,,,,,,,,,,,,,,,,,,,,,,,,,,,
Cyprus,5440,5969.99979,6389.999866,6670.000076,6920.000076,6809.999943,7199.999809,7280.00021,7610.000134,7889.999866,8149.999619,8069.999695,8300.000191,8970.000267,8909.999847,9020.000458,9159.999847,9489.999771,9710.000038,9539.999962,9210.000038,8960.000038,8439.99958,7739.999771,8140.000343,8210.000038,8600.000381,8739.999771,8560.00042,8539.999962
Czechia,181960,165259.9945,160839.9963,156179.9927,148889.9994,148820.0073,150429.9927,147949.9969,141350.0061,133270.0043,144100.0061,143800.0031,138190.0024,142539.9933,143089.9963,140020.0043,141020.0043,143970.0012,138940.0024,131320.0073,132750,129990.0055,127309.9976,121550.0031,118139.9994,120459.9991,122980.0034,122589.9963,121209.9991,116589.9963
Germany,1128090,1100760.01,1055380.005,1046880.005,1037319.946,1032959.961,1063069.946,1025930.054,1002900.024,965059.9976,957530.0293,976270.0195,960150.0244,961380.0049,944900.0244,922929.9927,931729.9805,903289.978,906159.9731,849690.0024,880159.9731,850460.022,863679.9927,880049.9878,839190.0024,843880.0049,846940.0024,829679.9927,800960.022,749710.022
Djibouti,910,930.0000072,949.9999881,970.0000286,980.0000191,1049.999952,1070.000052,1120.000005,1200.000048,1230.000019,1220.000029,1230.000019,1259.99999,1279.999971,1269.999981,1309.999943,1309.999943,1350.000024,1360.000014,1360.000014,1409.999967,1379.999995,1409.999967,1480.000019,1330.000043,1399.999976,1360.000014,1360.000014,1360.000014,1379.999995
Dominica,190,189.9999976,209.9999934,200.000003,209.9999934,209.9999934,180.0000072,200.000003,189.9999976,189.9999976,200.000003,219.9999988,180.0000072,200.000003,219.9999988,219.9999988,230.0000042,250,250,569.9999928,250,239.9999946,310.0000024,239.9999946,250,250,250,230.0000042,230.0000042,230.0000042
Denmark,68840,79669.99817,73459.99908,76089.99634,79720.00122,76569.99969,90059.99756,80389.99939,76349.99847,73510.00214,69709.99908,71419.99817,70739.99786,76260.00214,70059.99756,66339.99634,74069.99969,69279.99878,65769.99664,62880.00107,63159.99985,57740.00168,52650.00153,54080.00183,49889.99939,47880.00107,49419.99817,47110.00061,46580.00183,43200.00076
Dominican Republic,15760,16879.99916,18350.00038,18840.00015,20819.99969,21329.99992,22229.99954,23889.99939,25840.00015,26440.00053,27149.99962,27950.00076,30389.99939,28049.99924,27340.00015,28590.00015,30590.00015,31780.00069,31940.00053,31420.00008,32770.00046,33169.99817,33970.00122,33740.00168,34090.00015,36490.00168,37770.00046,37020.00046,39200.00076,41319.99969
Algeria,120740,124919.9982,125870.0027,134360.0006,136300.0031,143250,146300.0031,146240.0055,148500,153949.9969,162619.9951,159300.0031,165039.9933,177639.9994,180580.0018,188020.0043,195860.0006,198830.0018,204350.0061,206660.0037,209869.9951,215750,235429.9927,240070.0073,253509.9945,263140.0146,265359.9854,268899.9939,278029.9988,282010.0098
East Asia & Pacific (excluding high income),4399510,4587899.966,4745400.082,5018240.073,5224859.959,5708730.24,5789749.995,5834539.913,5935280.007,5928389.99,6154940.035,6384270.075,6724859.803,7438800.009,8294780.232,9095179.818,9817170.125,10480769.83,10770569.74,11350720.06,12266829.76,13208990.47,13543419.97,14053230.26,14204830.26,14154129.75,14181900.1,14533159.57,15122209.9,15499409.81
Early-demographic dividend,5322980,5521780.026,5613689.984,5765169.943,5940459.987,6151250.011,6381630.029,6590840.031,6739919.934,6898970.052,7107519.921,7209179.936,7341900.082,7586229.983,7881440.032,8155610.041,8491950.013,8853040.068,9114830.06,9256830.022,9598539.956,9861349.885,10231340.07,10313800.01,10678719.91,10770330.09,10957840.09,11322529.96,11537299.97,11592670.1
East Asia & Pacific,6456020,6691079.943,6891510.074,7197690.078,7501630,8044470.237,8167849.995,8235949.923,8251000.032,8348309.948,8679210.122,8933310.115,9294419.767,9944459.992,10873920.28,11632559.82,12387600.15,13099969.78,13309219.7,13856949.98,14858819.76,15988490.45,16370249.95,16806330.21,16923030.22,16858459.69,16866590.1,17271069.59,17817679.9,18110159.83
Europe & Central Asia (excluding high income),5235250,5074279.938,4736589.877,4371950.093,3936300.086,3800500.092,3674400.081,3494579.9,3477810.04,3479019.951,3569060.092,3562589.874,3613069.926,3752839.969,3762470.014,3799029.911,3914760.055,3984550.036,4040749.99,3763390.072,3935270.051,4120100.056,4093800.075,4059069.9,3974390.078,3903260.049,3959510.013,4045490.048,4161479.979,4199860.094
Europe & Central Asia,10447660,10245149.97,9755489.835,9301040.065,8853660.018,8762660.018,8769430.045,8497599.941,8450960.102,8362249.959,8451510.139,8499299.875,8519119.966,8755359.909,8764540.016,8767269.854,8880700.017,8895979.971,8843049.941,8244330.081,8510860.009,8531760.104,8469950.068,8346249.825,8068450.078,8036450.018,8080290.04,8160960.008,8186909.966,8065980.125
Ecuador,36940,37639.99939,40130.00107,41720.00122,44909.99985,47389.99939,51470.00122,53360.00061,51680.00031,48819.99969,48119.99893,53250,52919.99817,54069.99969,58099.99847,59849.99847,62349.99847,62020.00046,63759.99832,67269.99664,70839.99634,70989.99786,70849.99847,73930.00031,75580.00183,74089.99634,72800.00305,71500,72669.99817,72529.99878
"Egypt, Arab Rep.",134060,139639.9994,142389.9994,147889.9994,144169.9982,153789.9933,161559.9976,170419.9982,176160.0037,186070.0073,185770.0043,199350.0061,204770.0043,209929.9927,223169.9982,244429.9927,255399.9939,270760.0098,280230.011,287559.9976,289950.0122,297750,308459.9915,305399.9939,311170.0134,317380.0049,325470.0012,338429.9927,344820.0073,351769.989
Euro area,3284240,3290430.018,3203929.977,3144230.002,3145129.919,3195539.928,3265309.981,3233480.026,3257280.065,3227460.022,3241180.034,3279769.985,3283970.05,3337349.985,3347110.001,3330019.978,3305659.981,3274609.951,3205709.948,2995830.005,3050559.95,2948150.01,2918270.003,2868889.954,2742769.988,2787649.999,2781840.007,2778239.986,2704630.013,2588930.034
Eritrea,3690,3700.000048,4420.000076,3990.00001,4179.999828,4300.000191,4840.000153,5340.000153,5289.999962,5449.999809,5550.000191,5280.00021,5219.99979,5369.999886,5380.000114,5400.000095,5159.999847,5489.999771,5429.999828,5480.000019,5389.999866,5679.999828,5769.999981,5840.000153,5889.999866,5929.999828,6019.999981,6090.000153,6280.00021,6329.999924
Spain,275610,281700.0122,291549.9878,276739.9902,289649.9939,303380.0049,296700.0122,317950.0122,327480.011,352140.0146,369369.9951,367790.0085,384450.0122,393429.9927,409540.0085,424160.0037,418149.9939,434489.9902,401190.0024,364429.9927,349269.989,348739.9902,342350.0061,315989.9902,314690.0024,325279.9988,315700.0122,332220.0012,324880.0049,306950.0122
Estonia,39520,35639.99939,27719.99931,21870.00084,20930.00031,19250,20100.00038,19629.99916,19069.99969,18079.99992,17680.00031,18120.00084,17680.00031,19670.00008,19809.99947,19950.00076,18719.99931,22770.00046,21200.00076,17760.00023,21780.00069,20909.99985,19659.99985,22100.00038,20750,18360.00061,18690.00053,19440.00053,18030.00069,12869.99989
Ethiopia,67450,67849.99847,68690.00244,62810.00137,63970.00122,64809.99756,68069.99969,70230.00336,76069.99969,75639.99939,72739.99786,76540.00092,85839.99634,83989.99786,86139.99939,89440.00244,94360.00061,104239.9979,108349.9985,112800.0031,117500,117080.0018,122610.0006,127199.9969,133500,136860.0006,142830.0018,146529.9988,148520.0043,150960.0067
European Union,4463940,4396990.017,4257089.983,4184969.983,4170639.925,4223589.944,4334369.971,4259060.017,4224780.069,4149960.037,4152440.04,4199029.989,4185710.057,4275169.962,4277760.007,4250239.977,4250969.969,4217689.943,4126269.955,3855480.011,3934069.95,3825150.035,3763840.014,3684669.949,3537799.999,3594649.98,3599130.017,3613069.972,3529459.995,3383420.042
Fragile and conflict affected situations,1318030,1316179.999,1366679.993,1388550.002,1476349.98,1526870,1579710.004,1630899.997,1642249.985,1617979.994,1682909.985,1696950.025,1692959.979,1713309.999,1770499.991,1837309.995,1842070,1846800.018,1912720.012,1908000.011,1992750.01,1957190.002,2064480.016,2086619.998,2096050.008,2075509.992,2112970.035,2153940.001,2178410,2185330.017
Finland,69660,69550.00305,66449.99695,67690.00244,74330.00183,70349.99847,76800.00305,74879.99725,71230.00336,70370.00275,68860.00061,74639.99939,77010.00214,85139.99939,81129.99725,68919.99817,80319.99969,78470.00122,70349.99847,66680.00031,74800.00305,66769.99664,61110.00061,61880.00107,57819.99969,54349.99847,57029.99878,54159.99985,55490.00168,51479.99954
Fiji,1710,1720.000029,1759.99999,1820.000052,1870.000005,1940.000057,1980.000019,1960.000038,1919.999957,1909.999967,1950.000048,2210.000038,2039.999962,2150.000095,2619.999886,2430.000067,2509.99999,2410.000086,2130.000114,2109.999895,2299.999952,2259.99999,2180.000067,2299.999952,1879.999995,2000,2140.000105,2329.999924,2299.999952,2380.000114
France,495850,520919.9829,506339.9963,487350.0061,481649.9939,490359.9854,510100.0061,500769.989,516820.0073,507640.0146,506029.9988,511209.9915,504279.9988,509459.9915,507750,509040.0085,499200.0122,492480.011,486459.9915,468660.0037,472619.9951,456720.0012,460299.9878,461269.989,427769.989,433220.0012,433600.0061,436179.9927,422739.9902,414040.0085
Faroe Islands,,,,,,,,,,,,,,,,,,,,,,,,,,,,,,
"Micronesia, Fed. Sts.",10,9.999999776,109.9999994,119.9999973,119.9999973,180.0000072,180.0000072,189.9999976,189.9999976,189.9999976,200.000003,219.9999988,209.9999934,219.9999988,219.9999988,230.0000042,209.9999934,200.000003,189.9999976,200.000003,180.0000072,189.9999976,200.000003,209.9999934,219.9999988,230.0000042,250,259.9999905,259.9999905,259.9999905
Gabon,10230,11250,11220.00027,11550.00019,12310.00042,13489.99977,14430.00031,14260.00023,15350.00038,14340.00015,13880.00011,13979.99954,13369.99989,14550.00019,14130.00011,13869.99989,12659.99985,11989.99977,12680.00031,12380.00011,13260.00023,13250,12880.00011,13100.00038,13449.99981,13899.99962,14300.00019,12859.99966,12390.00034,13170.00008
United Kingdom,746350,755150.0244,737289.978,718739.9902,715940.0024,708039.978,729559.9976,709650.0244,707369.9951,683409.9731,685570.0073,694260.0098,676109.9854,685039.978,679869.9951,673969.9707,670489.9902,655179.9927,634809.9976,578809.9976,591320.0073,548390.0146,568539.978,551159.9731,511660.0037,496299.9878,476540.0085,461609.9854,453429.9927,440079.9866
Georgia,49760,40310.00137,32650.00153,27120.00084,19959.99908,16899.99962,15380.00011,14569.99969,14079.99992,13829.99992,14250,11789.99996,11229.99954,11760.00023,11829.99992,12380.00011,12739.99977,13510.00023,12609.99966,13369.99989,13060.00042,14449.99981,15340.00015,16219.99931,16829.99992,17149.99962,17579.99992,17459.99908,17139.99939,17600.00038
Ghana,11900,11979.99954,12510.00023,12729.99954,13060.00042,13409.99985,14329.99992,15260.00023,17979.99954,17370.00084,17629.99916,16920.00008,18180.00031,18680.00031,17520.00046,19760.00023,20940.00053,21180.00031,20979.99954,22170.00008,23950.00076,25950.00076,28540.00092,30600.00038,30139.99939,31610.00061,32090.00015,34200.00076,35830.00183,37650.00153
Gibraltar,,,,,,,,,,,,,,,,,,,,,,,,,,,,,,
Guinea,8410,8729.999542,9050.000191,9409.999847,9829.999924,10239.99977,9699.999809,10010.00023,11020.00046,10789.99996,11470.00027,12390.00034,13529.99973,13670.00008,13710.00004,15149.99962,15449.99981,15850.00038,16430.00031,16940.00053,19229.99954,20520.00046,21770.00046,21840.00015,22360.00061,22850.00038,25739.99977,26299.99924,26620.00084,28329.99992
"Gambia, The",4290,4440.000057,4550.000191,4670.000076,4210.000038,3730.000019,3460.000038,3119.999886,2880.000114,2549.999952,2289.999962,2069.999933,1850.000024,1750,1659.999967,1529.999971,1620.000005,1669.999957,1809.999943,2170.000076,2210.000038,1899.999976,1980.000019,2049.999952,2190.000057,2349.999905,2240.00001,2269.999981,2130.000114,2339.999914
Guinea-Bissau,1420,1419.999957,1460.000038,1490.00001,1519.999981,1549.999952,1470.000029,1460.000038,1440.000057,1570.000052,1539.999962,1820.000052,1870.000005,1919.999957,1840.000033,1779.999971,1950.000048,1980.000019,1889.999986,2019.999981,2109.999895,2109.999895,2289.999962,2250,2250,2380.000114,2390.000105,2440.000057,2539.999962,2579.999924
Equatorial Guinea,170,319.9999928,2069.999933,2250,2410.000086,2589.999914,2930.000067,4460.000038,5650.000095,7300.000191,6860.000134,9359.999657,10149.99962,11420.00008,13649.99962,16100.00038,17090.00015,16180.00031,17110.00061,16159.99985,16549.99924,15909.99985,15640.00034,14720.00027,16290.00092,14270.00046,13850.00038,12420.00008,12960.00004,11409.99985
Greece,95220,95290.00092,97360.00061,97720.00122,100349.9985,104769.9966,105849.9985,106919.9982,110930.0003,112040.0009,117809.9976,118389.9994,118769.9966,122110.0006,121750,123839.9963,122180.0003,125639.9994,121739.9979,114959.9991,108250,105910.0037,100930.0003,93269.99664,90190.00244,88449.99695,87160.00366,86769.99664,84059.99756,78500
Grenada,1840,1860.000014,1919.999957,1909.999967,1929.999948,1960.000038,1990.00001,2019.999981,2059.999943,2069.999933,2069.999933,2099.999905,2130.000114,2150.000095,2140.000105,2160.000086,2190.000057,2210.000038,2240.00001,2759.99999,2259.99999,2289.999962,2400.000095,2319.999933,2259.99999,2289.999962,2309.999943,2329.999924,2369.999886,2390.000105
Greenland,,,,,,,,,,,,,,,,,,,,,,,,,,,,,,
Guatemala,11300,11659.99985,12859.99966,13500,13699.99981,14729.99954,14550.00019,15090.00015,16829.99992,17329.99992,18649.99962,19340.00015,20520.00046,20770.00046,21209.99908,22549.99924,22579.99992,24049.99924,22850.00038,24219.99931,24319.99969,24920.00008,25620.00084,26729.99954,27930.00031,30790.00092,32340.00015,31770.00046,33759.99832,35099.99847
Guam,,,,,,,,,,,,,,,,,,,,,,,,,,,,,,
Guyana,2610,2779.999971,2779.999971,2910.000086,3220.000029,3609.999895,3680.000067,3900.000095,3829.999924,3950.000048,3630.000114,3680.000067,3569.999933,3779.999971,3819.999933,3450.000048,3269.999981,3579.999924,3740.00001,3759.99999,3990.00001,4079.999924,4340.000153,4510.000229,4719.99979,4849.999905,4869.999886,4980.000019,5179.999828,5679.999828
High income,14201780,14179030.13,14214509.89,14290419.84,14512919.95,14716559.71,15116410.14,15355089.85,15323760.29,15364849.76,15678470.12,15724049.86,15614990.17,15779989.82,15978709.86,15984929.77,15974879.77,16161010.08,15850970.02,15060139.83,15601959.82,15516380.13,15393740.11,15417040,15286630.12,15260790.07,15149540.22,15145769.77,15204919.84,14884810.03
"Hong Kong SAR, China",,,,,,,,,,,,,,,,,,,,,,,,,,,,,,
Honduras,11330,11439.99958,11750,11550.00019,12239.99977,13010.00023,12609.99966,12630.00011,12880.00011,12180.00031,12539.99996,13420.00008,13819.99969,15640.00034,16459.99908,16399.99962,17379.99916,18090.00015,18120.00084,18049.99924,18299.99924,19420.00008,19889.99939,20409.99985,20680.00031,21229.99954,21149.99962,20930.00031,22159.99985,22389.99939
Heavily indebted poor countries (HIPC),556720,575389.9949,587280.0045,590190.0005,659659.998,672509.9977,683439.9973,701090.0105,736079.9984,742150.0051,754109.9929,751970.0066,791639.9944,823679.9965,836639.9958,877310.0101,882640.007,910049.9987,937510.0026,951519.9979,995480.0088,1017720.001,1048150.003,1078279.991,1102329.999,1137310.003,1176060.008,1190790.007,1219960.013,1242080.013
Croatia,28570,22239.99977,23239.99977,24079.99992,24159.99985,25469.99931,24639.99939,26229.99954,26590.00015,26180.00031,25209.99908,26030.00069,27079.99992,28180.00031,27909.99985,27850.00038,28579.99992,30079.99992,29260.00023,26709.99908,26149.99962,25870.00084,23889.99939,22799.99924,22000,22610.00061,22670.00008,23319.99969,22209.99908,22260.00023
Haiti,5330,5539.999962,5949.999809,5579.999924,5070.000172,5849.999905,6150.000095,6550.000191,6699.999809,6840.000153,7320.000172,7510.000229,7800.000191,7840.000153,7719.99979,7820.000172,7880.000114,8310.00042,8329.999924,8390.000343,8939.99958,9250,9010.000229,9310.00042,9729.999542,10090.00015,10369.99989,10390.00034,10399.99962,10500
Hungary,89100,84059.99756,74169.99817,74639.99939,74360.00061,72650.00153,74870.00275,73180.00031,73110.00061,73910.00366,70919.99817,73040.00092,71419.99817,74199.99695,73080.00183,72389.99939,71660.00366,69500,68129.99725,62290.00092,62250,61490.00168,57610.00061,55259.99832,55549.99924,58479.99954,58880.00107,60909.99985,61009.99832,60590.00015
IBRD only,14286890,14384759.91,14314600,14376220.16,14339920.03,14875860.34,15022350.07,15099139.83,15241709.99,15290889.99,15745830.09,16095349.88,16558009.82,17592149.96,18764960.23,19823659.7,20880230.2,21907759.95,22472779.79,22879580.16,24298449.76,25595830.43,26277100.08,26882410.15,27196090.25,27098389.87,27241300.15,27864709.57,28674409.79,29068580.01
IDA & IBRD total,15799060,15942599.91,15901319.99,15977750.17,16018280.02,16587990.35,16779230.06,16881569.85,17074639.99,17151729.99,17646160.08,18012269.91,18519149.8,19620489.96,20834330.22,21966639.72,23060400.21,24152309.93,24771839.82,25190590.17,26697009.78,28040430.44,28717750.09,29372860.15,29736730.25,29679469.87,29925840.15,30631839.6,31500209.79,31959650.02
IDA total,1512170,1557840,1586719.992,1601530.009,1678359.99,1712130.011,1756879.993,1782430.026,1832929.995,1860839.997,1900329.982,1916920.023,1961139.976,2028340,2069369.997,2142980.018,2180170.009,2244549.986,2299060.035,2311010.004,2398560.011,2444600.006,2440650.008,2490450.007,2540639.994,2581080.003,2684540.001,2767130.028,2825799.998,2891070.007
IDA blend,654140,683100.0053,698969.9851,702579.9968,753709.9923,759680.0107,785809.9963,788910.0164,796450,804309.989,822979.987,837040.0096,830989.9844,854200.0024,880089.9968,892570.0098,911070.005,930689.9886,947730.0212,937459.9983,972620.0065,999929.9967,992070.0085,1019770.012,1037689.994,1049070.007,1099149.995,1132300.02,1147999.984,1185649.993
Indonesia,476190,495640.0146,516349.9756,531719.9707,552090.0269,586500,607890.0146,633000,640549.9878,660119.9951,666469.9707,680429.9927,681900.0244,703789.978,709520.0195,705580.0171,727469.9707,738270.0195,731760.0098,747669.9829,768880.0049,829890.0146,834260.0098,799099.9756,844299.9878,849510.0098,847580.0171,893590.0269,958080.0171,1002369.995
IDA only,858030,874739.9946,887750.0069,898950.0118,924649.9975,952450.0006,971069.9963,993520.0097,1036479.995,1056530.008,1077349.995,1079880.013,1130149.991,1174139.998,1189280,1250410.008,1269100.004,1313859.997,1351330.013,1373550.005,1425940.005,1444670.01,1448580,1470679.994,1502950,1532009.996,1585390.006,1634830.008,1677800.015,1705420.013
Isle of Man,,,,,,,,,,,,,,,,,,,,,,,,,,,,,,
India,1219550,1273250,1298280.029,1331219.971,1375469.971,1440609.985,1492170.044,1551530.029,1581959.961,1658410.034,1697229.98,1719689.941,1738530.029,1779369.995,1866489.99,1940030.029,2037300.049,2180790.039,2281000,2423800.049,2533989.99,2645629.883,2795860.107,2863840.088,3044959.961,3064540.039,3106340.088,3242169.922,3388909.912,3394870.117
Not classified,,,,,,,,,,,,,,,,,,,,,,,,,,,,,,
Ireland,56480,57009.99832,57180.00031,57830.00183,59259.99832,60069.99969,61419.99817,62849.99847,66139.99939,67860.00061,71059.99756,73290.00092,72540.00092,72800.00305,72029.99878,73290.00092,73879.99725,72139.99939,71180.00031,65930.00031,64569.99969,60939.99863,62310.00137,61360.00061,61529.99878,63430.00031,66000,65489.99786,63700.00076,61479.99954
"Iran, Islamic Rep.",324620,352980.011,374790.0085,382809.9976,415220.0012,425730.011,440679.9927,459709.9915,462130.0049,499730.011,527419.9829,541859.9854,557000,593179.9927,629770.0195,668609.9854,711479.9805,747390.0146,755559.9976,778669.9829,781820.0073,793619.9951,793950.0122,815309.9976,844130.0049,844140.0146,880989.9902,912710.022,925520.0195,893719.9707
Iraq,120280,62919.99817,88870.00275,116230.0034,132289.9933,130520.0043,129070.0073,162639.9994,153729.9957,143559.9976,160809.9976,169070.0073,155419.9982,129410.0037,150619.9951,145789.9933,146440.0024,142990.0055,161610.0006,172690.0024,188669.9982,202029.9988,228190.0024,241800.0031,241979.9957,253929.9927,276850.0061,292609.9854,303529.9988,320820.0073
Iceland,3340,3220.000029,3019.999981,2980.000019,3069.999933,2990.00001,3250,3220.000029,3369.999886,3339.999914,3380.000114,3259.99999,3319.999933,3289.999962,3359.999895,3309.999943,3789.999962,3789.999962,3680.000067,3349.999905,3230.000019,3039.999962,3029.999971,3200.000048,3259.99999,3309.999943,2839.999914,2890.000105,2910.000086,2849.999905
Israel,44110,45180.00031,47979.99954,52049.99924,55389.99939,59240.00168,62360.00061,65389.99939,66750,68959.99908,73849.99847,73690.00244,75660.00366,76480.00336,77580.00183,76230.00336,80510.00214,83669.99817,84349.99847,83819.99969,89290.00092,89080.00183,95589.99634,87129.99725,85290.00092,87230.00336,86949.99695,88470.00122,84769.99664,87180.00031
Italy,483260,480850.0061,477839.9963,471880.0049,466929.9927,492359.9854,488920.0134,492799.9878,504230.011,511859.9854,517320.0073,515969.9707,525260.0098,544119.9951,555849.9756,557229.9805,545309.9976,538469.9707,523489.9902,474470.0012,483089.9963,472470.0012,454260.0098,422299.9878,402579.9866,414250,409769.989,404500,398029.9988,389000
Jamaica,9010,9010.000229,9810.00042,10010.00023,10050.00019,10390.00034,10720.00027,10859.99966,11409.99985,11689.99958,11800.00019,11819.99969,11989.99977,12420.00008,12329.99992,12289.99996,13500,13409.99985,11010.00023,9260.000229,8869.999886,8960.000038,8430.000305,8890.000343,8699.999809,8590.000153,9090.000153,8739.999771,10159.99985,9970.000267
Jordan,18630,19079.99992,21829.99992,22559.99947,23659.99985,23290.00092,22520.00046,22040.00092,21239.99977,20309.99947,20879.99916,20979.99954,21770.00046,22350.00038,23959.99908,25479.99954,26280.00069,27780.00069,27040.00092,27780.00069,27520.00046,28459.99908,32020.00046,32340.00015,34490.00168,34959.99908,35259.99832,37069.99969,36209.99908,36569.99969
Japan,1181920,1197369.995,1210479.98,1203900.024,1261680.054,1277000,1291859.985,1279890.015,1233530.029,1259829.956,1276560.059,1254130.005,1286689.941,1294589.966,1286310.059,1287650.024,1266300.049,1302140.015,1235209.961,1176709.961,1234729.98,1293439.941,1336089.966,1348189.941,1305829.956,1270469.971,1261869.995,1246640.015,1204369.995,1166510.01
Kazakhstan,296720,304779.9988,306829.9866,271040.0085,250000,221279.9988,195500,172149.9939,172860.0006,157960.0067,156869.9951,155929.9927,182360.0006,192699.9969,209050.0031,222800.0031,241830.0018,253600.0061,300190.0024,271200.0122,290570.0073,305450.0122,303250,317529.9988,268829.9866,250220.0012,259510.0098,279959.9915,278540.0085,274670.0134
Kenya,34980,33709.99908,33680.00031,33450.00076,33680.00031,34009.99832,33330.00183,33029.99878,34259.99832,36209.99908,35040.00092,34459.99908,35360.00061,36299.99924,38930.00031,39299.99924,39520.00046,56069.99969,57150.00153,57349.99847,58740.00168,60650.00153,59560.00137,61099.99847,63700.00076,65910.00366,71639.99939,68190.00244,68699.99695,81010.00214
Kyrgyz Republic,32480,30190.00053,22590.00015,17780.00069,12609.99966,9920.000076,10829.99992,10689.99958,10930.00031,9539.999962,9489.999771,8880.000114,9850.000381,10489.99977,10630.00011,10319.99969,10399.99962,11649.99962,12810.00042,12420.00008,12050.00019,13460.00004,16059.99947,15560.00042,16129.99916,16610.00061,16190.00053,15979.99954,18059.99947,16909.99985
Cambodia,16130,15829.99992,16360.00061,17170.00008,16000,18639.99939,18930.00031,19129.99916,19219.99931,20479.99954,19379.99916,19389.99939,19829.99992,21319.99969,21180.00031,22590.00015,24170.00008,25319.99969,25950.00076,27280.00069,27850.00038,29110.00061,28709.99908,28690.00053,29450.00076,31139.99939,34159.99985,36900.00153,38729.99954,40060.00137
Kiribati,40,39.99999911,39.99999911,39.99999911,39.99999911,50.00000075,50.00000075,50.00000075,50.00000075,50.00000075,50.00000075,50.00000075,59.99999866,70.0000003,70.0000003,90.00000358,100.0000015,79.99999821,90.00000358,79.99999821,79.99999821,79.99999821,79.99999821,90.00000358,90.00000358,90.00000358,100.0000015,119.9999973,119.9999973,119.9999973
St. Kitts and Nevis,180,189.9999976,230.0000042,209.9999934,230.0000042,230.0000042,239.9999946,250,270.0000107,270.0000107,280.0000012,289.9999917,319.9999928,310.0000024,319.9999928,310.0000024,319.9999928,340.0000036,340.0000036,800.0000119,340.0000036,379.9999952,430.0000072,319.9999928,319.9999928,330.0000131,340.0000036,340.0000036,349.999994,349.999994
"Korea, Rep.",280750,308959.9915,334390.0146,366079.9866,394329.9866,427290.0085,455410.0037,481339.9963,416079.9866,453989.9902,511980.011,528820.0073,521369.9951,529150.0244,553059.9976,548409.9731,556739.9902,566659.9731,579549.9878,593479.9805,645520.0195,669570.0073,673010.0098,673440.0024,662919.9829,683859.9854,694679.9927,708429.9927,715500,698460.022
Kuwait,39060,10609.99966,32099.99847,46349.99847,54009.99832,53830.00183,53880.00107,56459.99908,61229.99954,63990.00168,69830.00183,72919.99817,74790.00092,79930.00031,85099.99847,94349.99847,97989.99786,96010.00214,102940.0024,103190.0024,107360.0006,113059.9976,117629.9973,121870.0027,121110.0006,125980.0034,131720.0012,131100.0061,133839.9963,136690.0024
Latin America & Caribbean (excluding high income),1655090,1691659.987,1716439.999,1750760.041,1810520.029,1834400.025,1875209.978,1948700.004,2008969.981,2013690.004,2065789.99,2095130.005,2133310.064,2201740.024,2285119.988,2334199.975,2380420.023,2448749.996,2477180.018,2440249.995,2570809.945,2635719.992,2695089.925,2738999.951,2780149.946,2794430.03,2783749.944,2790990.026,2754949.963,2774539.99
Lao PDR,6790,6710.000038,7010.000229,7030.00021,7400.000095,7440.000057,7500,7750,7309.999943,7190.000057,7960.000038,8300.000191,8600.000381,8829.999924,9279.999733,9229.999542,9619.999886,10170.00008,10600.00038,11439.99958,12380.00011,12119.99989,13100.00038,14050.00019,14399.99962,19260.00023,26549.99924,29809.99947,29899.99962,29280.00069
Lebanon,7270,8779.999733,8840.000153,12250,13189.99958,15489.99977,16530.00069,18750,19100.00038,20079.99992,18920.00008,20239.99977,20219.99931,20909.99985,21469.99931,20889.99939,19950.00076,18889.99939,22680.00031,26149.99962,25250,25930.00031,28569.99969,28549.99924,30739.99977,32880.00107,34049.99924,35930.00031,34680.00031,35209.99908
Liberia,850,740.0000095,769.9999809,759.9999905,750,759.9999905,769.9999809,819.9999928,889.9999857,800.0000119,839.9999738,870.0000048,860.0000143,920.0000167,1000,1110.000014,1179.999948,1179.999948,1110.000014,1370.000005,1399.999976,1559.999943,1690.000057,1659.999967,2049.999952,2240.00001,2309.999943,2190.000057,2069.999933,2220.000029
Libya,87430,92230.00336,83819.99969,91150.00153,105569.9997,113809.9976,116819.9997,109169.9982,109059.9976,105879.9973,110660.0037,106860.0006,105879.9973,114610.0006,119419.9982,129419.9982,131679.9927,128210.0067,133119.9951,130080.0018,137330.0018,75580.00183,132610.0006,114940.0024,97290.00092,90010.00214,90209.99908,112269.9966,121569.9997,126690.0024
St. Lucia,900,930.0000072,1039.999962,1049.999952,1100.000024,1049.999952,980.0000191,910.0000262,819.9999928,740.0000095,639.9999857,680.0000072,689.9999976,699.9999881,709.9999785,709.9999785,750,759.9999905,779.9999714,1649.999976,829.9999833,889.9999857,1059.999943,819.9999928,829.9999833,829.9999833,839.9999738,870.0000048,870.0000048,879.9999952
Latin America & Caribbean,2014010,2061629.988,2093509.992,2135190.03,2199320.024,2247650.017,2319239.985,2416659.987,2485089.981,2476160.004,2536689.981,2571950.007,2608320.068,2669840.016,2778119.986,2845369.971,2898630.021,2969470.011,3017770.014,2978419.999,3113909.944,3187029.986,3287879.926,3335359.94,3365919.952,3361890.019,3331139.952,3309290.043,3247209.969,3237159.99
Least developed countries: UN classification,740300,750699.9953,766730.0044,782350.0078,810879.9967,839859.9967,855689.9951,874370.0075,913849.9943,932970.0036,952209.9916,957040.0118,1005919.993,1054539.999,1078240.001,1126270.007,1139640.01,1183169.994,1221910.01,1250060.007,1303470.006,1323730.008,1336320.005,1380949.99,1416880.003,1447889.998,1495590.009,1532260.009,1565790.01,1593780.013
Low income,649080,659239.9948,657830.0067,657400.0074,671130.0035,675660.0001,678319.9999,685900.0081,710519.9881,719740.0082,738599.9992,738260.011,772219.9887,804089.9976,815030.0002,860880.01,870049.9988,887689.9962,921230.0026,915510.0037,943570.0117,929860.0007,913740,906059.9979,922879.9934,914000.005,944830.0104,983690.0015,999310.014,1012720.004
Liechtenstein,200,209.9999934,209.9999934,219.9999988,200.000003,209.9999934,209.9999934,219.9999988,239.9999946,230.0000042,219.9999988,219.9999988,230.0000042,239.9999946,239.9999946,239.9999946,239.9999946,209.9999934,230.0000042,219.9999988,200.000003,189.9999976,200.000003,209.9999934,180.0000072,170.0000018,159.9999964,170.0000018,159.9999964,159.9999964
Sri Lanka,23900,23739.99977,25510.00023,25819.99969,26600.00038,26719.99931,26590.00015,24629.99916,22129.99916,21530.00069,20809.99947,20559.99947,21450.00076,22620.00084,22780.00069,24719.99931,23139.99939,24079.99992,24340.00015,23510.00023,24770.00046,27569.99969,29120.00084,26590.00015,29379.99916,33279.99878,33869.99893,34470.00122,33689.99863,35990.00168
Lower middle income,4481480,4590230.029,4596230.001,4603999.958,4680449.983,4830749.998,4918650.052,5039740.028,5085959.954,5265530.034,5369199.913,5458069.957,5537180.039,5734979.951,5920060.034,6096500.049,6316639.989,6598460.08,6757910.057,6923250.021,7177890.02,7456179.92,7664890.126,7791960.066,8106289.943,8207850.102,8400300.1,8701649.976,9050799.947,9203050.071
Low & middle income,14981590,15143539.9,15105499.99,15170650.19,15208210.02,15740680.35,15874410.07,15967069.87,16188579.99,16310729.99,16811140.08,17170359.91,17683509.79,18775199.98,19962840.22,21079709.73,22151070.23,23229259.92,23845829.81,24290830.17,25768299.78,27089610.43,27740800.08,28396670.17,28787070.23,28737529.89,28997570.14,29740069.6,30634159.8,31147070
Lesotho,1940,1940.000057,2099.999905,2069.999933,2029.999971,1970.000029,1940.000057,1909.999967,1830.000043,2359.999895,2289.999962,2269.999981,2089.999914,2150.000095,2089.999914,2259.99999,2200.000048,2269.999981,2210.000038,2299.999952,2309.999943,2380.000114,2440.000057,2319.999933,2299.999952,2339.999914,2359.999895,2519.999981,2529.999971,2529.999971
Late-demographic dividend,9299270,9341319.888,9285280.005,9277580.204,9185900.037,9558880.357,9572040.021,9459799.819,9545650.06,9509369.967,9801150.169,10084459.96,10478429.73,11317229.99,12252150.22,13131399.69,13950060.19,14673529.85,15073749.77,15399680.12,16538939.79,17597530.55,17966259.99,18519410.12,18573990.33,18492509.81,18509870.06,18871539.65,19441179.8,19844109.95
Lithuania,45070,46860.00061,32090.00015,26190.00053,24159.99985,22579.99992,23379.99916,23170.00008,24069.99969,21340.00015,19639.99939,20090.00015,20450.00076,20629.99916,21610.00061,22750,22879.99916,23889.99939,23329.99992,19760.00023,20559.99947,20030.00069,19950.00076,19059.99947,18610.00061,18870.00084,18899.99962,18819.99969,18909.99985,18930.00031
Luxembourg,12190,12680.00031,12380.00011,12590.00015,11739.99977,9600.000381,9680.000305,9180.000305,8510.000229,8899.999619,9439.99958,10010.00023,10789.99996,11210.00004,12659.99985,12899.99962,12699.99981,12109.99966,12029.99973,11439.99958,12039.99996,11899.99962,11670.00008,11140.00034,10640.00034,10119.99989,9850.000381,10000,10310.00042,10479.99954
Latvia,25420,23700.00076,20979.99954,17809.99947,14840.00015,13090.00015,13079.99992,12500,12060.00042,11350.00038,10569.99969,11109.99966,11149.99962,11270.00046,11359.99966,11520.00046,12060.00042,12479.99954,12140.00034,11359.99966,12489.99977,11850.00038,11649.99962,11569.99969,11520.00046,11569.99969,11399.99962,11340.00015,11880.00011,11699.99981
"Macao SAR, China",,,,,,,,,,,,,,,,,,,,,,,,,,,,,,
St. Martin (French part),,,,,,,,,,,,,,,,,,,,,,,,,,,,,,
Morocco,36800,38130.00107,39220.00122,38909.99985,42029.99878,42720.00122,43380.00107,45299.99924,46200.00076,48369.99893,49450.00076,53000,54520.00046,54500,59110.00061,62119.99893,64080.00183,64839.99634,67330.00183,67349.99847,70779.99878,75750,77550.00305,78040.00092,79239.99786,81459.99908,80260.00214,84989.99786,86809.99756,93080.00183
Monaco,,,,,,,,,,,,,,,,,,,,,,,,,,,,,,
Moldova,38170,32119.99893,27100.00038,23670.00008,20579.99992,18540.00092,16760.00023,15079.99992,13619.99989,12260.00023,11409.99985,11640.00034,11770.00046,12380.00011,12369.99989,12680.00031,12329.99992,12560.00042,12430.00031,11750,12659.99985,12819.99969,12560.00042,11689.99958,12310.00042,12550.00019,12760.00023,12750,13279.99973,13390.00034
Madagascar,25630,25649.99962,25909.99985,26299.99924,26059.99947,26510.00023,26540.00092,26430.00031,27370.00084,27020.00046,26450.00076,25309.99947,23040.00092,25489.99977,24280.00069,27940.00053,26829.99992,28420.00008,27360.00061,28049.99924,28250,28100.00038,29389.99939,28030.00069,28270.00046,28340.00015,29559.99947,28659.99985,28950.00076,29579.99992
Maldives,200,209.9999934,280.0000012,259.9999905,259.9999905,319.9999928,349.999994,409.9999964,389.9999857,509.9999905,550.0000119,579.9999833,709.9999785,629.9999952,850.0000238,829.9999833,1000,1000,1009.99999,1070.000052,1120.000005,1200.000048,1360.000014,1370.000005,1629.999995,1659.999967,2099.999905,2250,2539.999962,2599.999905
Middle East & North Africa,1405320,1425420.013,1519470.006,1610739.999,1708719.978,1762950.016,1823549.998,1908600.004,1943789.988,2006510.027,2102669.98,2163480.009,2210340.005,2294269.998,2410610.029,2543059.981,2669429.961,2767100.027,2900500.03,2962639.978,3081270.01,3115540.002,3294089.995,3331339.981,3414639.984,3477070.051,3568839.989,3654999.993,3671149.996,3718720.014
Mexico,401750,420500,423429.9927,440750,467339.9963,446880.0049,466070.0073,488980.011,513919.9829,503029.9988,530239.9902,530799.9878,539090.0269,562960.022,574619.9951,597109.9854,618010.0098,630469.9707,634570.0073,625070.0073,642909.9731,662969.9707,672119.9951,658479.9805,649409.9731,667049.9878,674000,671599.9756,654250,653869.9951
Marshall Islands,30,29.99999933,109.9999994,109.9999994,119.9999973,119.9999973,119.9999973,119.9999973,129.9999952,129.9999952,129.9999952,140.0000006,150.000006,150.000006,159.9999964,170.0000018,170.0000018,180.0000072,170.0000018,170.0000018,180.0000072,180.0000072,180.0000072,180.0000072,189.9999976,189.9999976,219.9999988,230.0000042,230.0000042,230.0000042
Middle income,14332510,14484299.91,14447669.99,14513250.19,14537080.02,15065020.35,15196090.07,15281169.86,15478060,15590989.98,16072540.08,16432099.9,16911289.8,17971109.98,19147810.22,20218829.72,21281020.23,22341569.93,22924599.81,23375320.16,24824729.77,26159750.43,26827060.08,27490610.17,27864190.23,27823529.89,28052740.13,28756379.6,29634849.78,30134350
North Macedonia,13900,13229.99954,12649.99962,12659.99985,12189.99958,11810.00042,13359.99966,12210.00004,12939.99958,12039.99996,11710.00004,11760.00023,11149.99962,11989.99977,11770.00046,12130.00011,12140.00034,12630.00011,12420.00008,11720.00027,11569.99969,12489.99977,11960.00004,11069.99969,10670.00008,10420.00008,10359.99966,10880.00011,10359.99966,11250
Mali,15040,15000,15000,15199.99981,15500,15800.00019,16680.00031,16950.00076,17940.00053,19280.00069,21680.00031,21340.00015,21569.99969,22319.99969,24579.99992,25500,25840.00015,26790.00092,28239.99977,28610.00061,30850.00038,31700.00076,32299.99924,33599.99847,34150.00153,35549.99924,39990.00168,40979.99954,42310.00137,44150.00153
Malta,2530,2430.000067,2410.000086,3059.999943,2759.99999,2630.000114,2579.999924,2730.000019,2640.000105,2680.000067,2410.000086,2779.999971,2619.999886,2920.000076,2930.000067,2980.000019,3059.999943,3150.000095,3089.999914,2900.000095,3009.99999,2990.00001,3170.000076,2839.999914,2859.999895,2180.000067,1879.999995,2029.999971,2039.999962,2140.000105
Myanmar,55650,55060.00137,57790.00092,60470.00122,63110.00061,66230.00336,66300.00305,65129.99725,66779.99878,71459.99908,73489.99786,73050.00305,73540.00092,77690.00244,80180.00031,83400.00153,86550.00305,89080.00183,87419.99817,88470.00122,90569.99969,89660.00366,93550.00305,96730.00336,102260.0021,105680.0003,110089.9963,124349.9985,128139.9994,133250
Middle East & North Africa (excluding high income),954810,954580.012,1007110.017,1071960.006,1146129.995,1187610.011,1220380.001,1281129.995,1289590.001,1335050.011,1397949.988,1433500.006,1449029.989,1490519.988,1573070.013,1663219.973,1734689.969,1788320.034,1841410.018,1886309.989,1926820.015,1900139.995,1999970.001,2005830.006,2036630.005,2037430.025,2102099.981,2200709.987,2246030.021,2256579.98
Montenegro,4480,3910.000086,3910.000086,3740.00001,3710.000038,3849.999905,4099.999905,4239.999771,4329.999924,3759.99999,4010.000229,4170.000076,4269.999981,4400.000095,4409.999847,4210.000038,4260.000229,4050.000191,4489.999771,3410.000086,4130.000114,3990.00001,3750,3609.999895,3509.99999,3609.999895,3400.000095,3519.999981,3740.00001,3829.999924
Mongolia,29980,32229.99954,30000,28790.00092,26979.99954,27909.99985,27110.00061,27920.00008,28309.99947,29000,29760.00023,27239.99977,25399.99962,25209.99908,25000,27750,30659.99985,33380.00107,33619.99893,34639.99939,31959.99908,35610.00061,39000,41459.99908,43919.99817,45450.00076,47860.00061,50750,52639.99939,56049.99924
Northern Mariana Islands,,,,,,,,,,,,,,,,,,,,,,,,,,,,,,
Mozambique,18440,18719.99931,19370.00084,20090.00015,20379.99916,20629.99916,20430.00031,19159.99985,21569.99969,20819.99969,20049.99924,21860.00061,23809.99947,24569.99969,24399.99962,26290.00092,25280.00069,25870.00084,27219.99931,25040.00092,27180.00031,27280.00069,29049.99924,30569.99969,31680.00031,31309.99947,32150.00153,32750,36119.99893,35400.00153
Mauritania,6770,7000,6849.999905,7059.999943,6949.999809,7079.999924,7610.000134,7909.999847,8289.999962,8800.000191,9189.99958,9380.000114,9520.000458,9590.000153,9670.000076,9659.999847,10340.00015,10449.99981,9590.000153,10569.99969,11020.00046,11090.00015,11630.00011,11699.99981,12199.99981,13130.00011,13189.99958,13380.00011,13789.99996,14289.99996
Mauritius,2300,2400.000095,2490.00001,2650.000095,2720.000029,2779.999971,2960.000038,3059.999943,3339.999914,3869.999886,4309.999943,4420.000076,4429.999828,4619.999886,4650.000095,4840.000153,5269.999981,5409.999847,5519.999981,5510.000229,5789.999962,5840.000153,5989.999771,6119.999886,6329.999924,6380.000114,6530.00021,6730.000019,6739.999771,6849.999905
Malawi,3180,3369.999886,3369.999886,3500,3109.999895,3329.999924,3480.000019,3539.999962,3730.000019,3769.999981,3880.000114,3700.000048,4050.000191,4309.999943,4349.999905,4460.000038,4739.999771,5150.000095,5719.99979,5789.999962,6349.999905,6619.999886,6880.000114,7199.999809,7670.000076,8119.999886,8420.000076,9000,10390.00034,10949.99981
Malaysia,80380,91339.99634,94029.99878,100699.9969,108470.0012,115779.9988,129160.0037,138589.9963,138960.0067,147929.9927,158979.9957,164789.9933,173460.0067,183729.9957,199960.0067,210699.9969,218410.0037,236399.9939,251690.0024,229729.9957,250389.9994,253770.0043,258369.9951,277890.0146,292799.9878,293609.9854,293679.9927,285390.0146,302600.0061,313019.989
North America,6374520,6325180.115,6423569.946,6530989.868,6643239.99,6726219.788,6914120.178,7189979.797,7244600.22,7250589.783,7432369.995,7372869.812,7240400.146,7324759.888,7408289.795,7443379.822,7340039.795,7480260.193,7272040.1,6811539.917,7097109.863,6916100.098,6697770.142,6850840.149,6903750.183,6786640.137,6678950.195,6639769.775,6859619.873,6738139.954
Namibia,,9239.999771,9189.99958,9159.999847,9359.999657,9470.000267,9359.999657,9199.999809,9869.999886,9869.999886,10649.99962,10750,9350.000381,10010.00023,10500,11090.00015,12430.00031,11800.00019,10340.00015,13260.00023,12670.00008,17649.99962,19190.00053,12369.99989,11619.99989,11720.00027,12300.00019,12479.99954,11609.99966,10659.99985
New Caledonia,,,,,,,,,,,,,,,,,,,,,,,,,,,,,,
Niger,12870,13329.99992,13819.99969,14479.99954,14970.00027,15560.00042,16299.99924,17020.00046,17819.99969,18530.00069,19010.00023,19860.00061,20649.99962,21549.99924,22420.00008,23319.99969,24239.99977,25440.00053,26659.99985,28000,28110.00061,29129.99916,31170.00008,32939.99863,34639.99939,35849.99847,37540.00092,38970.00122,40819.99969,42720.00122
Nigeria,219390,235360.0006,250039.9933,246800.0031,241789.9933,246080.0018,262049.9878,254380.0049,235899.9939,225839.9963,235929.9927,243070.0073,227449.9969,246710.0067,247199.9969,251279.9988,239559.9976,230339.9963,236320.0073,222729.9957,247550.0031,258100.0061,261670.0134,275380.0049,285160.0037,279339.9963,289540.0085,293790.0085,299619.9951,308179.9927
Nicaragua,9520,8149.999619,9060.00042,9720.000267,10029.99973,9409.999847,9430.000305,10170.00008,10590.00015,11720.00027,12250,12449.99981,12909.99985,13909.99985,13529.99973,13840.00015,14149.99962,14340.00015,14210.00004,14270.00046,14619.99989,15760.00023,16149.99962,16350.00038,17280.00069,18250,18420.00008,18270.00046,18270.00046,18799.99924
Netherlands,202340,207660.0037,207000,212339.9963,211979.9957,217199.9969,228059.9976,220009.9945,220220.0012,207940.0024,205960.0067,207000,206830.0018,206779.9988,208529.9988,202759.9945,198110.0006,197600.0061,194929.9927,189850.0061,200509.9945,187339.9963,185720.0012,185389.9994,178190.0024,186449.9969,187339.9963,183350.0061,177259.9945,172229.9957
Norway,46120,43529.99878,43750,46200.00076,48150.00153,48110.00061,48279.99878,50020.00046,51279.99878,53250,47689.99863,47930.00031,47439.99863,49459.99908,49750,48689.99863,48990.00168,49290.00092,47979.99954,47540.00092,51389.99939,49520.00046,48310.00137,49220.00122,48869.99893,49270.00046,48740.00168,47720.00122,47509.99832,45900.00153
Nepal,21360,21610.00061,21329.99992,22139.99939,22879.99916,23989.99977,24420.00008,24920.00008,25370.00084,26379.99916,26760.00023,27149.99962,26659.99985,27180.00031,27399.99962,28090.00015,27899.99962,28129.99916,29219.99931,30850.00038,31940.00053,33189.99863,34240.00168,34869.99893,36310.00137,36259.99832,39779.99878,42470.00122,45630.00107,44220.00122
Nauru,130,129.9999952,119.9999973,119.9999973,119.9999973,109.9999994,109.9999994,109.9999994,100.0000015,100.0000015,90.00000358,90.00000358,79.99999821,70.0000003,70.0000003,79.99999821,50.00000075,50.00000075,50.00000075,50.00000075,50.00000075,39.99999911,50.00000075,50.00000075,59.99999866,59.99999866,70.0000003,70.0000003,70.0000003,70.0000003
New Zealand,71130,70790.00092,71620.00275,70809.99756,72300.00305,73540.00092,73900.00153,76400.00153,74760.00214,77010.00214,77199.99695,79879.99725,81529.99878,84019.99664,82680.00031,84150.00153,84330.00183,83209.99908,83059.99756,80250,80059.99756,79620.00275,82180.00031,81800.00305,82330.00183,82190.00244,80809.99756,82440.00244,81809.99756,83199.99695
OECD members,14177550,14197040.13,14220729.9,14309629.85,14539449.96,14723129.72,15128190.15,15392419.86,15379470.29,15396949.74,15729590.1,15722539.84,15601600.2,15752749.86,15935639.84,15935639.77,15912599.82,16106150.05,15717630.02,14915509.83,15425729.81,15314520.11,15145680.1,15125930.01,14961370.13,14898910.04,14800160.22,14838359.74,14913059.88,14551209.99
Oman,19440,23549.99924,23329.99992,24709.99908,26600.00038,29920.00008,30819.99969,32080.00183,31319.99969,34250,38549.99924,42409.99985,44189.99863,46150.00153,45459.99908,45580.00183,54049.99924,57000,56599.99847,59529.99878,63880.00107,71300.00305,79519.99664,83470.00122,87040.00092,91480.00336,94730.00336,94389.99939,99519.99664,100260.0021
Other small states,129730,138779.9997,135609.9988,134990.0004,138440.0003,140629.9994,148339.9994,157140.0003,162110.0019,166190.0024,168000.0005,174800.0016,179800.0012,185660.0008,192829.9961,203090.0027,218050.0029,227080.0007,243219.9979,233819.9987,260610.0008,278869.9978,275960.002,275549.9994,281979.9965,280930.0008,284550.003,289459.9995,285660.002,286010.0011
Pakistan,159850,163210.0067,172789.9933,182539.9933,189169.9982,199940.0024,207029.9988,213710.0067,217490.0055,230500,232809.9976,236220.0012,242589.9963,251929.9927,269649.9939,278290.0085,297760.0098,315220.0012,317670.0134,328279.9988,322350.0061,331209.9915,335269.989,346880.0049,360109.9854,374510.0098,399109.9854,425920.0134,421619.9951,432500
Panama,7840,8329.999924,9010.000229,9260.000229,9550.000191,9760.000229,9750,9689.99958,10760.00023,9909.999847,9989.999771,11380.00011,10649.99962,10840.00015,10920.00008,12590.00015,13119.99989,13130.00011,13229.99954,14819.99969,15460.00004,16559.99947,17260.00023,17239.99977,17670.00008,17649.99962,17860.00061,17340.00015,17500,20879.99916
Peru,44280,43169.99817,43840.00015,44909.99985,47279.99878,52189.99863,55919.99817,56849.99847,57639.99939,61869.99893,62639.99939,60709.99908,62569.99969,62380.00107,66470.00122,67709.99908,67480.00336,71349.99847,76419.99817,80569.99969,85080.00183,89529.99878,89720.00122,91680.00031,95440.00244,97150.00153,100069.9997,97639.99939,97889.99939,100730.0034
Philippines,95520,95379.99725,97400.00153,102819.9997,110040.0009,121980.0034,130509.9945,138649.9939,131949.9969,137300.0031,138710.0067,137960.0067,139580.0018,142839.9963,146270.0043,147300.0031,140610.0006,146529.9988,149770.0043,152479.9957,157899.9939,159809.9976,164869.9951,175789.9933,183369.9951,192300.0031,204850.0061,221059.9976,226940.0024,234279.9988
Palau,10,9.999999776,209.9999934,209.9999934,209.9999934,209.9999934,209.9999934,219.9999988,219.9999988,219.9999988,230.0000042,230.0000042,239.9999946,230.0000042,250,280.0000012,270.0000107,259.9999905,230.0000042,219.9999988,230.0000042,230.0000042,239.9999946,250,239.9999946,230.0000042,280.0000012,289.9999917,280.0000012,289.9999917
Papua New Guinea,7990,8989.999771,10039.99996,11100.00038,11979.99954,13310.00042,13119.99989,13300.00019,13239.99977,13149.99962,13310.00042,13819.99969,14079.99992,14390.00034,15310.00042,14800.00019,14760.00023,14859.99966,14560.00042,14880.00011,14899.99962,15880.00011,16590.00015,17829.99992,19510.00023,21200.00076,22149.99962,22250,22510.00023,22409.99985
Poland,420330,419160.0037,408200.0122,408769.989,403630.0049,403420.0134,418149.9939,407779.9988,378839.9963,368339.9963,354690.0024,352130.0049,345730.011,357269.989,361510.0098,362929.9927,377299.9878,377839.9963,371630.0049,356869.9951,375309.9976,371390.0146,364420.0134,358619.9951,345450.0122,348609.9854,359420.0134,372359.9854,370609.9854,353140.0146
Pre-demographic dividend,862450,839239.9963,892869.9986,931600.008,1016099.984,1035000.003,1060789.993,1102820.01,1111469.985,1102259.997,1144779.985,1154740.018,1159839.993,1193700.01,1233649.989,1272089.995,1257610.007,1283009.998,1335300.016,1343019.997,1419600.018,1460310.002,1492140.022,1544179.995,1576749.997,1615019.996,1682380.022,1698810.003,1737379.996,1787710.007
Puerto Rico,,,,,,,,,,,,,,,,,,,,,,,,,,,,,,
"Korea, Dem. People's Rep.",154690,147419.9982,133500,124279.9988,115050.0031,107550.0031,95830.00183,87629.99725,79519.99664,83690.00244,87209.99908,90300.00305,87419.99817,89260.00214,91099.99847,94690.00244,96879.99725,84250,92339.99634,75569.99969,72650.00153,58330.00183,60060.00137,49240.00168,53029.99878,46869.99893,52060.00137,77150.00153,73470.00122,79339.99634
Portugal,56210,57939.99863,61979.99954,60889.99939,62790.00092,66559.99756,64860.00061,67260.00214,72400.00153,79150.00153,78709.99908,78050.00305,83059.99756,78110.00061,80099.99847,83069.99969,77900.00153,76529.99878,74279.99878,73480.00336,68069.99969,67190.00244,65489.99786,63799.99924,63409.99985,67510.00214,66449.99695,71029.99878,66430.00031,61380.00107
Paraguay,32340,29329.99992,28620.00084,28809.99947,28770.00046,30739.99977,29959.99908,30649.99962,31100.00038,31579.99992,30409.99985,32599.99847,32020.00046,34319.99969,32479.99954,33479.99954,33959.99908,35979.99954,35520.00046,37590.00015,39950.00076,41159.99985,42490.00168,43950.00076,46009.99832,46439.99863,47400.00153,49900.00153,48490.00168,49549.99924
West Bank and Gaza,,,,,,,,,,,,,,,,,,,,,,,,,,,,,,
Pacific island small states,3390,3460.000021,3889.99996,4030.000072,4139.999975,4300.000042,4379.99998,4390.000015,4379.999936,4409.999922,4440.00008,4750.000082,4619.99996,4800.00006,5369.999859,5340.000067,5389.999971,5370.000051,5010.000087,5029.999934,5259.999938,5269.999977,5240.000032,5459.999971,5110.000014,5250.000015,5730.000142,6029.999916,6059.999986,6180.00011
Post-demographic dividend,13948730,13880210.12,13790309.88,13757709.87,13853179.95,14006909.69,14293070.17,14502099.85,14453930.3,14486399.74,14770950.12,14785939.85,14654210.15,14781349.81,14914099.84,14859019.77,14779259.8,14928520.1,14533099.99,13702279.86,14171989.83,14042910.12,13837090.1,13830800.04,13636020.12,13489590.06,13344660.21,13311549.77,13414799.87,13060959.98
French Polynesia,,,,,,,,,,,,,,,,,,,,,,,,,,,,,,
Qatar,15380,18430.00031,18020.00046,20809.99947,23299.99924,24010.00023,26479.99954,33130.00107,34450.00076,37400.00153,38000,37540.00092,41400.00153,44950.00076,48259.99832,49700.00076,55810.00137,63229.99954,67809.99756,69559.99756,78529.99878,88220.00122,96610.00061,98529.99878,103589.9963,106790.0009,109370.0027,110059.9976,109180.0003,114760.0021
Romania,224030,185690.0024,166009.9945,155220.0012,151110.0006,156669.9982,160309.9976,148729.9957,132720.0012,116910.0037,120910.0037,125879.9973,122949.9969,127879.9973,126239.9979,125660.0037,129229.9957,126879.9973,124870.0027,109080.0018,106230.0034,110819.9997,108529.9988,99250,98569.99969,100849.9985,99339.99634,102120.0027,102790.0009,101239.9979
Russian Federation,3015020,2951939.941,2795389.893,2601070.068,2363090.088,2285600.098,2229070.068,2090159.912,2085050.049,2124199.951,2176120.117,2188879.883,2186659.912,2259719.971,2252260.01,2278879.883,2316550.049,2325780.029,2327750,2191800.049,2285030.029,2375290.039,2354330.078,2317629.883,2302340.088,2287290.039,2285750,2324570.068,2419469.971,2476840.088
Rwanda,2290,2289.999962,2240.00001,2170.000076,2039.999962,1809.999943,1960.000038,2079.999924,2220.000029,2430.000067,2470.000029,2630.000114,2720.000029,2940.000057,3079.999924,3190.000057,3450.000048,3660.000086,3839.999914,3950.000048,4190.000057,4099.999905,4230.000019,4369.999886,4400.000095,5050.000191,5050.000191,5130.000114,5260.000229,5340.000153
South Asia,1531830,1589480.004,1626980.021,1672299.966,1727369.967,1810249.989,1870820.04,1938700.037,1971699.969,2066850.037,2108389.977,2137739.944,2169890.024,2224239.987,2331589.987,2422330.037,2543750.057,2709560.037,2825550.02,2986130.047,3105539.991,3238429.879,3398800.094,3478690.091,3682339.953,3730910.039,3803610.077,3978499.94,4129759.907,4156440.122
Saudi Arabia,241010,274220.0012,291769.989,289619.9951,289299.9878,288630.0049,304339.9963,310730.011,327049.9878,330980.011,347619.9951,351279.9988,369760.0098,391350.0061,408200.0122,428809.9976,451619.9951,471679.9927,511980.011,524109.9854,569679.9927,601750,638880.0049,654849.9756,698289.978,731890.0146,739820.0073,729309.9976,715229.9805,723150.0244
Sudan,49390,50229.99954,53840.00015,55759.99832,60409.99985,61389.99939,63869.99893,67110.00061,70279.99878,73120.00275,77889.99939,74150.00153,79279.99878,81150.00153,84139.99939,88660.00366,88800.00305,93669.99817,93910.00366,95839.99634,93910.00366,97129.99725,98239.99786,98440.00244,99529.99878,102870.0027,106120.0027,105510.0021,106250,106059.9976
Senegal,12680,12979.99954,13420.00008,13670.00008,13989.99977,14270.00046,15029.99973,15229.99954,15479.99954,16700.00076,17760.00023,17540.00092,17000,16299.99924,18389.99939,19069.99969,19450.00076,19590.00015,20530.00069,21030.00069,22100.00038,23090.00015,22610.00061,23799.99924,24379.99916,25299.99924,27409.99985,27579.99992,27969.99931,29229.99954
Singapore,30910,34049.99924,36680.00031,43139.99939,46669.99817,47979.99954,49369.99893,49459.99908,48799.99924,50020.00046,54869.99893,54790.00092,54049.99924,50939.99863,52409.99985,49689.99863,50130.00107,51380.00107,51680.00031,52220.00122,55950.00076,59009.99832,58610.00061,59500,60659.99985,62380.00107,63779.99878,67559.99756,66519.99664,67230.00336
Solomon Islands,380,400.000006,409.9999964,430.0000072,449.9999881,460.0000083,479.9999893,490.0000095,500,519.9999809,540.0000215,550.0000119,569.9999928,589.9999738,639.9999857,680.0000072,689.9999976,699.9999881,699.9999881,720.0000286,740.0000095,759.9999905,779.9999714,829.9999833,800.0000119,790.0000215,860.0000143,889.9999857,920.0000167,939.9999976
Sierra Leone,3580,3569.999933,3569.999933,3660.000086,3640.000105,3430.000067,2700.000048,2619.999886,2569.999933,2369.999886,2440.000057,3109.999895,3490.00001,4329.999924,4730.000019,4739.999771,6130.000114,5460.000038,4719.99979,5050.000191,4800.000191,5420.000076,6530.00021,6489.999771,6969.99979,6780.00021,6889.999866,6730.000019,6340.000153,6079.999924
El Salvador,6860,7639.999866,8020.000458,8500,9109.999657,9380.000114,9319.999695,10189.99958,10300.00019,10510.00023,10119.99989,10760.00023,11000,11569.99969,11920.00008,12310.00042,12800.00019,13369.99989,12810.00042,12439.99958,12189.99958,12100.00038,12250,11479.99954,11779.99973,12220.00027,12250,11479.99954,11829.99992,12819.99969
San Marino,,,,,,,,,,,,,,,,,,,,,,,,,,,,,,
Somalia,24540,21649.99962,19709.99908,21680.00031,23629.99916,24290.00092,24729.99954,25120.00084,24959.99908,25030.00069,25200.00076,25739.99977,26139.99939,26370.00084,26670.00008,27110.00061,25840.00015,24729.99954,24760.00023,24790.00092,24989.99977,25149.99962,25450.00076,25569.99969,25709.99908,25770.00046,25659.99985,25489.99977,25450.00076,25149.99962
Serbia,82470,72000,65769.99664,60430.00031,56479.99954,62970.00122,70339.99634,75349.99847,74959.99908,57819.99969,60569.99969,61750,65110.00061,68319.99969,73550.00305,67010.00214,69220.00122,68139.99939,65919.99817,63459.99908,62990.00168,67309.99756,62459.99908,63189.99863,55180.00031,61500,62959.99908,63349.99847,61590.00015,61930.00031
Sub-Saharan Africa (excluding high income),1205100,1245639.997,1272979.998,1285440.014,1363029.983,1399189.993,1443849.971,1469420.023,1505229.988,1487730,1515009.996,1557130.002,1593349.982,1667060.002,1715809.983,1765750.014,1760279.998,1817309.995,1890370.026,1864030.004,1963030.015,1986230.033,2009720.01,2060849.966,2108729.986,2117370,2166700.023,2191220.028,2219730.027,2260240.002
South Sudan,29020,29889.99939,32319.99969,34240.00168,36250,36959.99908,40250,43310.00137,47119.99893,49930.00031,54119.99893,52209.99908,56110.00061,58799.99924,61259.99832,64449.99695,63759.99832,67529.99878,68550.00305,70720.00122,69980.00336,66419.99817,52159.99985,52770.00046,54849.99847,55740.00168,56619.99893,54439.99863,57319.99969,50909.99985
Sub-Saharan Africa,1205320,1245879.997,1273219.998,1285700.014,1363309.983,1399469.993,1444159.971,1469780.023,1505609.988,1488130,1515389.996,1557540.002,1593789.982,1667500.002,1716289.983,1766230.014,1760769.998,1817819.995,1890890.026,1864590.004,1963590.015,1986760.033,2010270.01,2061389.966,2109329.986,2118020,2167420.023,2191950.028,2220470.027,2261020.002
Small states,183090,193070.0005,192489.9996,187530.0006,188340.0006,190219.9993,198200,206789.9997,212250.0013,216110.0022,216580.0004,225950.002,232440.0013,243240.0003,251939.9966,264030.0028,283860.002,294039.9999,307959.998,307789.9991,326150.0012,346959.9966,345770.0033,344699.9998,350789.9946,349049.9997,350310.0032,355119.9992,353370.0022,354550.0016
Sao Tome and Principe,60,59.99999866,59.99999866,59.99999866,59.99999866,59.99999866,59.99999866,59.99999866,70.0000003,70.0000003,70.0000003,70.0000003,79.99999821,90.00000358,100.0000015,100.0000015,100.0000015,100.0000015,109.9999994,119.9999973,129.9999952,129.9999952,150.000006,150.000006,150.000006,159.9999964,159.9999964,170.0000018,170.0000018,180.0000072
Suriname,2860,3220.000029,3319.999933,3269.999981,3309.999943,3359.999895,3400.000095,3369.999886,3369.999886,3410.000086,2720.000029,2799.999952,2259.99999,2450.000048,2660.000086,2849.999905,2799.999952,2690.000057,2880.000114,3009.99999,3349.999905,3609.999895,4090.000153,3930.000067,4349.999905,4449.999809,4719.99979,4260.000229,3910.000086,4460.000038
Slovak Republic,66670,58590.00015,56069.99969,53430.00031,50759.99832,51330.00183,51340.00015,51209.99908,50060.00137,48610.00061,45990.00168,46590.00015,46150.00153,46400.00153,45720.00122,46540.00092,46099.99847,45139.99939,45180.00031,41529.99878,43069.99969,41560.00137,39200.00076,39860.00061,37209.99908,37650.00153,38500,40430.00031,39880.00107,38060.00137
Slovenia,17300,16299.99924,16010.00023,16750,16799.99924,17629.99916,18430.00031,18899.99962,18639.99939,17940.00053,17750,18709.99908,18790.00092,18750,18959.99908,19219.99931,19549.99924,19520.00046,20489.99977,18510.00023,18809.99947,18750,18139.99939,17510.00023,16010.00023,16100.00038,16920.00008,17100.00038,16969.99931,16459.99908
Sweden,68650,69250,71830.00183,71790.00092,73620.00275,73209.99908,78800.00305,72599.99847,73400.00153,72050.00305,67959.99908,66819.99969,68180.00031,69169.99817,67690.00244,63970.00122,62439.99863,60349.99847,59150.00153,55180.00031,60700.00076,56860.00061,54049.99924,52259.99832,50889.99939,50849.99847,50389.99939,49990.00168,47189.99863,46189.99863
Eswatini,2160,2210.000038,2279.999971,2099.999905,2160.000086,2210.000038,2079.999924,2240.00001,2279.999971,2329.999924,2369.999886,2190.000057,2250,2349.999905,2369.999886,2430.000067,2319.999933,2380.000114,2309.999943,2319.999933,2329.999924,2339.999914,2390.000105,2470.000029,2480.000019,2460.000038,2539.999962,2630.000114,2680.000067,2789.999962
Sint Maarten (Dutch part),,,,,,,,,,,,,,,,,,,,,,,,,,,,,,
Seychelles,220,239.9999946,239.9999946,259.9999905,280.0000012,280.0000012,310.0000024,360.0000143,379.9999952,400.000006,379.9999952,409.9999964,439.9999976,439.9999976,479.9999893,479.9999893,490.0000095,509.9999905,519.9999809,560.0000024,560.0000024,529.9999714,550.0000119,540.0000215,600.0000238,649.9999762,720.0000286,730.0000191,740.0000095,779.9999714
Syrian Arab Republic,65020,73260.00214,76940.00244,79660.00366,82970.00122,86550.00305,89000,89970.00122,93849.99847,93230.00336,93300.00305,92510.00214,93839.99634,94000,89290.00092,99720.00122,102339.9963,105319.9997,105870.0027,102220.0012,103370.0027,97330.00183,77989.99786,54729.99954,49009.99832,46939.99863,47450.00076,51389.99939,48250,48479.99954
Turks and Caicos Islands,,,,,,,,,,,,,,,,,,,,,,,,,,,,,,
Chad,15410,21829.99992,22700.00076,23700.00076,24670.00008,25709.99908,28700.00076,29299.99924,30129.99916,32139.99939,34770.00046,33110.00061,37189.99863,36479.99954,40090.00015,42290.00092,43389.99939,45520.00046,46930.00031,48150.00153,51479.99954,53990.00168,57470.00122,60090.00015,62759.99832,68120.00275,72230.00336,74239.99786,78830.00183,81650.00153
East Asia & Pacific (IDA & IBRD countries),4244950,4440609.968,4612020.082,4894080.074,5109929.956,5601290.237,5694029.993,5747019.916,5855860.011,5844799.987,6067820.036,6294060.072,6637519.805,7349610.007,8203750.234,9000569.816,9720340.128,10396569.83,10678279.75,11275200.06,12194229.76,13150700.47,13483409.97,14004040.26,14151860.26,14107319.75,14129910.1,14456079.57,15048809.9,15420139.82
Europe & Central Asia (IDA & IBRD countries),5908180,5701369.944,5334039.884,4960020.083,4515200.091,4386060.103,4277500.072,4077319.894,4015960.038,3990449.951,4069870.097,4066629.877,4108829.934,4266169.955,4278130.021,4315469.908,4449870.038,4519350.03,4566509.997,4256050.068,4442960.051,4628180.071,4590640.086,4539739.894,4440410.09,4375330.034,4440940.023,4543290.036,4657089.964,4676500.107
Togo,3560,3400.000095,3089.999914,2970.000029,3240.00001,3200.000048,3730.000019,3460.000038,4309.999943,4619.999886,4389.999866,4110.000134,4550.000191,5159.999847,4889.999866,5760.000229,5199.999809,4900.000095,5239.999771,6730.000019,6559.999943,7050.000191,6599.999905,6489.999771,6230.000019,6980.000019,7389.999866,7260.000229,7610.000134,7889.999866
Thailand,158690,170509.9945,182369.9951,198429.9927,213389.9994,232029.9988,253029.9988,259829.9866,238000,249309.9976,250960.0067,261700.0122,272959.9915,285619.9951,304250,313510.0098,317420.0134,328690.0024,333250,330720.0012,350959.9915,352230.011,373850.0061,385940.0024,379980.011,385010.0098,395339.9963,402250,407140.0146,422089.9963
Tajikistan,17870,16969.99931,13949.99981,11090.00015,8579.999924,7960.000038,7309.999943,7550.000191,7469.99979,6980.000019,6619.999886,6639.999866,6670.000076,6820.000172,7369.999886,7440.000057,7929.999828,8649.999619,9020.000458,8699.999809,8789.999962,9060.00042,9859.999657,10279.99973,11819.99969,12420.00008,13850.00038,15260.00023,16620.00084,17510.00023
Turkmenistan,111390,103319.9997,72900.00153,79660.00366,72480.00336,73250,69430.00031,59669.99817,60889.99939,74690.00244,88760.00214,89660.00366,94040.00092,106019.9966,112830.0018,115760.0021,117540.0009,126569.9997,131899.9939,105040.0009,116779.9988,136679.9927,144419.9982,151149.9939,151330.0018,155080.0018,152940.0024,152509.9945,154970.0012,157330.0018
Latin America & the Caribbean (IDA & IBRD countries),1953970,2010679.99,2047949.993,2093690.03,2156340.025,2203310.017,2272339.985,2367619.987,2435919.981,2426450.003,2486739.981,2522800.006,2560090.067,2622450.017,2731499.986,2798819.972,2850980.02,2920690.011,2969200.016,2922310.001,3063869.945,3136219.985,3234659.924,3283169.94,3316159.953,3310460.021,3281859.953,3261310.042,3198049.97,3188969.988
Timor-Leste,450,519.9999809,519.9999809,550.0000119,629.9999952,649.9999762,670.0000167,670.0000167,699.9999881,589.9999738,660.0000262,1720.000029,2759.99999,3630.000114,4409.999847,5400.000095,5750,6039.999962,6409.999847,6730.000019,7039.999962,6929.999828,6909.999847,6889.999866,6849.999905,6800.000191,6639.999866,6340.000153,6090.000153,5909.999847
Middle East & North Africa (IDA & IBRD countries),954810,954580.012,1007110.017,1071960.006,1146129.995,1187610.011,1220380.001,1281129.995,1289590.001,1335050.011,1397949.988,1433500.006,1449029.989,1490519.988,1573070.013,1663219.973,1734689.969,1788320.034,1841410.018,1886309.989,1926820.015,1900139.995,1999970.001,2005830.006,2036630.005,2037430.025,2102099.981,2200709.987,2246030.021,2256579.98
Tonga,250,259.9999905,250,259.9999905,259.9999905,259.9999905,239.9999946,239.9999946,239.9999946,250,230.0000042,230.0000042,230.0000042,259.9999905,259.9999905,270.0000107,280.0000012,259.9999905,259.9999905,280.0000012,259.9999905,250,250,259.9999905,259.9999905,259.9999905,300.0000119,330.0000131,310.0000024,310.0000024
South Asia (IDA & IBRD),1531830,1589480.004,1626980.021,1672299.966,1727369.967,1810249.989,1870820.04,1938700.037,1971699.969,2066850.037,2108389.977,2137739.944,2169890.024,2224239.987,2331589.987,2422330.037,2543750.057,2709560.037,2825550.02,2986130.047,3105539.991,3238429.879,3398800.094,3478690.091,3682339.953,3730910.039,3803610.077,3978499.94,4129759.907,4156440.122
Sub-Saharan Africa (IDA & IBRD countries),1205320,1245879.997,1273219.998,1285700.014,1363309.983,1399469.993,1444159.971,1469780.023,1505609.988,1488130,1515389.996,1557540.002,1593789.982,1667500.002,1716289.983,1766230.014,1760769.998,1817819.995,1890890.026,1864590.004,1963590.015,1986760.033,2010270.01,2061389.966,2109329.986,2118020,2167420.023,2191950.028,2220470.027,2261020.002
Trinidad and Tobago,20090,20010.00023,19940.00053,15789.99996,12380.00011,11989.99977,13060.00042,13529.99973,13949.99981,14380.00011,15189.99958,16940.00053,18600.00038,22389.99939,23440.00053,25510.00023,29049.99924,29809.99947,29479.99954,28670.00008,31450.00076,32459.99908,32020.00046,33000,33029.99878,32119.99893,28520.00046,28739.99977,28690.00053,28340.00015
Tunisia,21250,22159.99985,23479.99954,23719.99931,23440.00053,23930.00031,25319.99969,25870.00084,27260.00023,28750,30040.00092,30950.00076,31079.99992,30909.99985,32169.99817,32860.00061,34009.99832,35360.00061,35900.00153,36229.99954,38680.00031,37619.99893,39290.00092,39080.00183,41419.99817,41729.99954,40939.99863,41209.99908,41389.99939,41590.00015
Turkiye,205440,207889.9994,215380.0049,221669.9982,216830.0018,231330.0018,249039.9933,258029.9988,259250,259130.0049,283079.9866,261179.9927,271450.0122,282950.0122,288959.9915,301420.0134,330640.0146,360250,357380.0049,360459.9915,370450.0122,393040.0085,408589.9963,399450.0122,424700.0122,432040.0085,459000,500910.0037,499290.0085,488470.0012
Tuvalu,20,19.99999955,19.99999955,19.99999955,19.99999955,19.99999955,19.99999955,19.99999955,19.99999955,19.99999955,19.99999955,19.99999955,19.99999955,19.99999955,19.99999955,19.99999955,19.99999955,29.99999933,19.99999955,19.99999955,19.99999955,19.99999955,19.99999955,19.99999955,19.99999955,19.99999955,19.99999955,19.99999955,29.99999933,29.99999933
Tanzania,39830,40110.00061,40229.99954,40849.99847,41590.00015,45759.99832,43919.99817,43540.00092,47080.00183,48110.00061,46099.99847,47500,52040.00092,56580.00183,56689.99863,60000,57650.00153,60060.00137,62150.00153,62779.99878,66510.00214,70000,73470.00122,77089.99634,78029.99878,81709.99908,81449.99695,80550.00305,81790.00092,84000
Uganda,14310,14970.00027,15310.00042,15640.00034,15300.00019,16079.99992,16909.99985,17940.00053,19149.99962,18530.00069,18870.00084,19219.99931,20209.99908,22170.00008,22299.99924,24270.00046,22930.00031,25540.00092,32040.00092,32819.99969,34479.99954,34470.00122,36060.00137,36009.99832,37060.00137,39029.99878,40259.99832,41270.00046,42840.00015,43290.00092
Ukraine,824830,782500,692869.9951,609390.0146,519559.9976,495959.9915,435390.0146,411369.9951,383369.9951,376869.9951,365959.9915,366970.0012,371570.0073,396459.9915,370500,357350.0061,364579.9866,373760.0098,362709.9915,307540.0085,327540.0085,343290.0085,335940.0024,331260.0098,297019.989,247550.0031,259410.0037,233339.9963,244839.9963,233259.9945
Upper middle income,9851030,9894069.879,9851439.986,9909250.228,9856630.032,10234270.35,10277440.01,10241429.84,10392100.05,10325459.95,10703340.17,10974029.94,11374109.76,12236130.03,13227750.18,14122329.67,14964380.24,15743109.85,16166689.76,16452070.14,17646839.75,18703570.51,19162169.95,19698650.11,19757900.29,19615679.79,19652440.03,20054729.62,20584049.83,20931299.93
Uruguay,28640,30250,31860.00061,32400.00153,32279.99878,32470.00122,33799.99924,33509.99832,33099.99847,34159.99985,32279.99878,31899.99962,32220.00122,33099.99847,35009.99832,35180.00031,37319.99969,36279.99878,38849.99847,38400.00153,36009.99832,37560.00137,38419.99817,37430.00031,36930.00031,36759.99832,37090.00015,36330.00183,36240.00168,36119.99893
United States,5834140,5788890.137,5872939.941,5984359.863,6078520.02,6146509.766,6316450.195,6578049.805,6624450.195,6625279.785,6787479.98,6736029.785,6582640.137,6645609.863,6732259.766,6752839.844,6660819.824,6767470.215,6583850.098,6158399.902,6427129.883,6229600.098,6011120.117,6152160.156,6197430.176,6082160.156,5974200.195,5918759.766,6121629.883,6001209.961
Uzbekistan,165190,166529.9988,156029.9988,158610.0006,154800.0031,143160.0037,144460.0067,148520.0043,165389.9994,165649.9939,173029.9988,175830.0018,182179.9927,174050.0031,177740.0055,172580.0018,183309.9976,178759.9945,188059.9976,175240.0055,187119.9951,190279.9988,175020.0043,173850.0061,166110.0006,161029.9988,170889.9994,176309.9976,183809.9976,188759.9945
St. Vincent and the Grenadines,150,159.9999964,189.9999976,200.000003,209.9999934,230.0000042,230.0000042,230.0000042,270.0000107,270.0000107,239.9999946,280.0000012,310.0000024,310.0000024,319.9999928,330.0000131,330.0000131,349.999994,340.0000036,970.0000286,330.0000131,349.999994,439.9999976,310.0000024,349.999994,330.0000131,340.0000036,310.0000024,340.0000036,340.0000036
"Venezuela, RB",251310,261250,263739.9902,272579.9866,276119.9951,296429.9927,318350.0061,335109.9854,340410.0037,323220.0012,336619.9951,341779.9988,337779.9988,325239.9902,341809.9976,355559.9976,354970.0012,349890.0146,362220.0012,353630.0049,360839.9963,358119.9951,394470.0012,396489.9902,393760.0098,371119.9951,349730.011,320700.0122,293720.0012,255740.0055
British Virgin Islands,,,,,,,,,,,,,,,,,,,,,,,,,,,,,,
Virgin Islands (U.S.),,,,,,,,,,,,,,,,,,,,,,,,,,,,,,
Vietnam,73500,77230.00336,79650.00153,84910.00366,89769.99664,97279.99878,105199.9969,112970.0012,122690.0024,127360.0006,134889.9994,139350.0061,152009.9945,159720.0012,179070.0073,188440.0024,193389.9994,206660.0037,217270.0043,239550.0031,257630.0049,262230.011,263500,276179.9927,291880.0049,333640.0146,334450.0122,342089.9963,398890.0146,450149.9939
Vanuatu,480,500,519.9999809,540.0000215,550.0000119,560.0000024,579.9999833,579.9999833,579.9999833,589.9999738,569.9999928,550.0000119,550.0000119,569.9999928,560.0000024,569.9999928,579.9999833,699.9999881,699.9999881,689.9999976,709.9999785,730.0000191,730.0000191,730.0000191,790.0000215,769.9999809,819.9999928,810.0000024,860.0000143,870.0000048
World,29434680,29583820.03,29583749.87,29733650.02,29997249.96,30753670.06,31309170.21,31657269.71,31852750.28,31998799.76,32826230.19,33236189.76,33636279.96,34880429.79,36283360.08,37420199.5,38480920,39740160.02,40059019.83,39704600,41731099.59,42964110.55,43529010.18,44210200.16,44467460.35,44369439.95,44496840.37,45206539.38,46132799.64,46287620.03
Samoa,330,340.0000036,340.0000036,360.0000143,379.9999952,389.9999857,409.9999964,409.9999964,430.0000072,430.0000072,430.0000072,460.0000083,469.9999988,469.9999988,500,519.9999809,509.9999905,500,469.9999988,490.0000095,509.9999905,529.9999714,529.9999714,540.0000215,560.0000024,610.0000143,670.0000167,680.0000072,680.0000072,680.0000072
Kosovo,,,,,,,,,,,,,,,,,,,,,,,,,,,,,,
"Yemen, Rep.",17800,19549.99924,20110.00061,21450.00076,26309.99947,27479.99954,28129.99916,29899.99962,31159.99985,33889.99939,36860.00061,38150.00153,38229.99954,41799.99924,42240.00168,44569.99969,45860.00061,46599.99847,46360.00061,49560.00137,52169.99817,48939.99863,44500,54090.00015,52319.99969,29459.99908,23899.99962,23840.00015,23860.00061,25260.00023
South Africa,331660,327750,323970.0012,334540.0085,341459.9915,354339.9963,364609.9854,381040.0085,388529.9988,369000,373950.0122,407959.9915,422989.9902,446839.9963,475519.989,475540.0085,478429.9927,499380.0049,532450.0122,511380.0049,534119.9951,518340.0269,538549.9878,548349.9756,560859.9854,536119.9951,536190.0024,550700.0122,549650.0244,555429.9927
Zambia,27460,27819.99969,27979.99954,27530.00069,26809.99947,26590.00015,24719.99931,25510.00023,27229.99954,25510.00023,24799.99924,25329.99992,27610.00061,29959.99908,30040.00092,31290.00092,28860.00061,29379.99916,29799.99924,28750,31200.00076,30889.99939,34560.00137,35360.00061,35419.99817,36310.00137,36389.99939,36700.00076,37560.00137,37569.99969
Zimbabwe,32090,32380.00107,33209.99908,29649.99962,29379.99916,29200.00076,31100.00038,30040.00092,31270.00046,33770.00046,31159.99985,31709.99908,28920.00008,26450.00076,26510.00023,27159.99985,26149.99962,26569.99969,24600.00038,25659.99985,28319.99969,30690.00053,30719.99931,30610.00061,28899.99962,30700.00076,28530.00069,28299.99924,30829.99992,30530.00069
